0 verbose cli C:\Program Files\nodejs\node.exe C:\Program Files\nodejs\node_modules\npm\bin\npm-cli.js
1 info using npm@11.13.0
2 info using node@v24.16.0
3 silly config load:file:C:\Program Files\nodejs\node_modules\npm\npmrc
4 silly config load:file:E:\XAMPP\htdocs\agency pro\.npmrc
5 silly config load:file:C:\Users\dell\.npmrc
6 silly config load:file:C:\Users\dell\AppData\Roaming\npm\etc\npmrc
7 verbose title npm install
8 verbose argv "install" "--cache" "E:\\XAMPP\\htdocs\\agency pro\\.npm-cache"
9 verbose logfile logs-max:10 dir:E:\XAMPP\htdocs\agency pro\.npm-cache\_logs\2026-09-06T01_23_35_380Z-
10 verbose logfile E:\XAMPP\htdocs\agency pro\.npm-cache\_logs\2026-09-06T01_23_35_380Z-debug-0.log
11 silly logfile done cleaning log files
12 silly packumentCache heap:2348810240 maxSize:587202560 maxEntrySize:293601280
13 silly idealTree buildDeps
14 silly fetch manifest chart.js@^4.5.1
15 silly packumentCache full:https://registry.npmjs.org/chart.js cache-miss
16 http fetch GET 200 https://registry.npmjs.org/chart.js 221ms (cache miss)
17 silly packumentCache full:https://registry.npmjs.org/chart.js set size:undefined disposed:false
18 silly fetch manifest react@^18.3.1
19 silly packumentCache full:https://registry.npmjs.org/react cache-miss
20 http fetch GET 200 https://registry.npmjs.org/npm 1296ms
21 http fetch GET 200 https://registry.npmjs.org/react 1702ms (cache miss)
22 silly packumentCache full:https://registry.npmjs.org/react set size:undefined disposed:false
23 silly fetch manifest react-dom@^18.3.1
24 silly packumentCache full:https://registry.npmjs.org/react-dom cache-miss
25 http fetch GET 200 https://registry.npmjs.org/react-dom 1505ms (cache miss)
26 silly packumentCache full:https://registry.npmjs.org/react-dom set size:undefined disposed:false
27 silly fetch manifest react-icons@^5.3.0
28 silly packumentCache full:https://registry.npmjs.org/react-icons cache-miss
29 http fetch GET 200 https://registry.npmjs.org/react-icons 167ms (cache miss)
30 silly packumentCache full:https://registry.npmjs.org/react-icons set size:undefined disposed:false
31 silly fetch manifest xlsx@^0.18.5
32 silly packumentCache full:https://registry.npmjs.org/xlsx cache-miss
33 http fetch GET 200 https://registry.npmjs.org/xlsx 221ms (cache miss)
34 silly packumentCache full:https://registry.npmjs.org/xlsx set size:undefined disposed:false
35 silly fetch manifest @types/react@^18.3.10
36 silly packumentCache full:https://registry.npmjs.org/@types%2freact cache-miss
37 http fetch GET 200 https://registry.npmjs.org/@types%2freact 571ms (cache miss)
38 silly packumentCache full:https://registry.npmjs.org/@types%2freact set size:undefined disposed:false
39 silly fetch manifest @types/react-dom@^18.3.0
40 silly packumentCache full:https://registry.npmjs.org/@types%2freact-dom cache-miss
41 http fetch GET 200 https://registry.npmjs.org/@types%2freact-dom 191ms (cache miss)
42 silly packumentCache full:https://registry.npmjs.org/@types%2freact-dom set size:undefined disposed:false
43 silly fetch manifest @vitejs/plugin-react@^4.3.1
44 silly packumentCache full:https://registry.npmjs.org/@vitejs%2fplugin-react cache-miss
45 http fetch GET 200 https://registry.npmjs.org/@vitejs%2fplugin-react 417ms (cache miss)
46 silly packumentCache full:https://registry.npmjs.org/@vitejs%2fplugin-react set size:undefined disposed:false
47 silly fetch manifest vite@^5.4.8
48 silly packumentCache full:https://registry.npmjs.org/vite cache-miss
49 http fetch GET 200 https://registry.npmjs.org/vite 5383ms (cache miss)
50 silly packumentCache full:https://registry.npmjs.org/vite set size:undefined disposed:false
51 silly fetch manifest @types/node@^18.0.0 || >=20.0.0
52 silly packumentCache full:https://registry.npmjs.org/@types%2fnode cache-miss
53 http fetch GET 200 https://registry.npmjs.org/@types%2fnode 2027ms (cache miss)
54 silly packumentCache full:https://registry.npmjs.org/@types%2fnode set size:undefined disposed:false
55 silly fetch manifest less@*
56 silly packumentCache full:https://registry.npmjs.org/less cache-miss
57 http fetch GET 200 https://registry.npmjs.org/less 160ms (cache miss)
58 silly packumentCache full:https://registry.npmjs.org/less set size:undefined disposed:false
59 silly fetch manifest lightningcss@^1.21.0
60 silly packumentCache full:https://registry.npmjs.org/lightningcss cache-miss
61 http fetch GET 200 https://registry.npmjs.org/lightningcss 86ms (cache miss)
62 silly packumentCache full:https://registry.npmjs.org/lightningcss set size:undefined disposed:false
63 silly fetch manifest sass@*
64 silly packumentCache full:https://registry.npmjs.org/sass cache-miss
65 http fetch GET 200 https://registry.npmjs.org/sass 520ms (cache miss)
66 silly packumentCache full:https://registry.npmjs.org/sass set size:undefined disposed:false
67 silly fetch manifest sass-embedded@*
68 silly packumentCache full:https://registry.npmjs.org/sass-embedded cache-miss
69 http fetch GET 200 https://registry.npmjs.org/sass-embedded 122ms (cache miss)
70 silly packumentCache full:https://registry.npmjs.org/sass-embedded set size:undefined disposed:false
71 silly fetch manifest stylus@*
72 silly packumentCache full:https://registry.npmjs.org/stylus cache-miss
73 http fetch GET 200 https://registry.npmjs.org/stylus 402ms (cache miss)
74 silly packumentCache full:https://registry.npmjs.org/stylus set size:undefined disposed:false
75 silly fetch manifest sugarss@*
76 silly packumentCache full:https://registry.npmjs.org/sugarss cache-miss
77 http fetch GET 200 https://registry.npmjs.org/sugarss 71ms (cache miss)
78 silly packumentCache full:https://registry.npmjs.org/sugarss set size:undefined disposed:false
79 silly fetch manifest postcss@^8.4.47
80 silly packumentCache full:https://registry.npmjs.org/postcss cache-miss
81 http fetch GET 200 https://registry.npmjs.org/postcss 182ms (cache miss)
82 silly packumentCache full:https://registry.npmjs.org/postcss set size:undefined disposed:false
83 silly fetch manifest terser@^5.4.0
84 silly packumentCache full:https://registry.npmjs.org/terser cache-miss
85 http fetch GET 200 https://registry.npmjs.org/terser 182ms (cache miss)
86 silly packumentCache full:https://registry.npmjs.org/terser set size:undefined disposed:false
87 silly fetch manifest autoprefixer@^10.4.20
88 silly packumentCache full:https://registry.npmjs.org/autoprefixer cache-miss
89 http fetch GET 200 https://registry.npmjs.org/autoprefixer 754ms (cache miss)
90 silly packumentCache full:https://registry.npmjs.org/autoprefixer set size:undefined disposed:false
91 silly fetch manifest tailwindcss@^3.4.13
92 silly packumentCache full:https://registry.npmjs.org/tailwindcss cache-miss
93 http fetch GET 200 https://registry.npmjs.org/tailwindcss 2124ms (cache miss)
94 silly packumentCache full:https://registry.npmjs.org/tailwindcss set size:undefined disposed:false
95 silly fetch manifest typescript@^5.6.2
96 silly packumentCache full:https://registry.npmjs.org/typescript cache-miss
97 http fetch GET 200 https://registry.npmjs.org/typescript 2694ms (cache miss)
98 silly packumentCache full:https://registry.npmjs.org/typescript set size:undefined disposed:false
99 silly placeDep ROOT @types/react@18.3.31 OK for: evee-contacts-dashboard@1.0.0 want: ^18.3.10
100 silly placeDep ROOT @types/react-dom@18.3.7 OK for: evee-contacts-dashboard@1.0.0 want: ^18.3.0
101 silly placeDep ROOT @vitejs/plugin-react@4.7.0 OK for: evee-contacts-dashboard@1.0.0 want: ^4.3.1
102 silly placeDep ROOT vite@5.4.21 OK for: @vitejs/plugin-react@4.7.0 want: ^4.2.0 || ^5.0.0 || ^6.0.0 || ^7.0.0
103 silly placeDep ROOT autoprefixer@10.5.5 OK for: evee-contacts-dashboard@1.0.0 want: ^10.4.20
104 silly placeDep ROOT postcss@8.5.28 OK for: autoprefixer@10.5.5 want: ^8.1.0
105 silly placeDep ROOT chart.js@4.5.1 OK for: evee-contacts-dashboard@1.0.0 want: ^4.5.1
106 silly placeDep ROOT react@18.3.1 OK for: evee-contacts-dashboard@1.0.0 want: ^18.3.1
107 silly placeDep ROOT react-dom@18.3.1 OK for: evee-contacts-dashboard@1.0.0 want: ^18.3.1
108 silly placeDep ROOT react-icons@5.7.0 OK for: evee-contacts-dashboard@1.0.0 want: ^5.3.0
109 silly placeDep ROOT tailwindcss@3.4.19 OK for: evee-contacts-dashboard@1.0.0 want: ^3.4.13
110 silly placeDep ROOT typescript@5.9.3 OK for: evee-contacts-dashboard@1.0.0 want: ^5.6.2
111 silly placeDep ROOT xlsx@0.18.5 OK for: evee-contacts-dashboard@1.0.0 want: ^0.18.5
112 silly fetch manifest csstype@^3.2.2
113 silly packumentCache full:https://registry.npmjs.org/csstype cache-miss
114 silly fetch manifest @types/prop-types@*
115 silly packumentCache full:https://registry.npmjs.org/@types%2fprop-types cache-miss
116 silly fetch manifest @babel/core@^7.28.0
117 silly packumentCache full:https://registry.npmjs.org/@babel%2fcore cache-miss
118 silly fetch manifest react-refresh@^0.17.0
119 silly packumentCache full:https://registry.npmjs.org/react-refresh cache-miss
120 silly fetch manifest @types/babel__core@^7.20.5
121 silly packumentCache full:https://registry.npmjs.org/@types%2fbabel__core cache-miss
122 silly fetch manifest @rolldown/pluginutils@1.0.0-beta.27
123 silly packumentCache full:https://registry.npmjs.org/@rolldown%2fpluginutils cache-miss
124 silly fetch manifest @babel/plugin-transform-react-jsx-self@^7.27.1
125 silly packumentCache full:https://registry.npmjs.org/@babel%2fplugin-transform-react-jsx-self cache-miss
126 http fetch GET 200 https://registry.npmjs.org/csstype 152ms (cache miss)
127 silly packumentCache full:https://registry.npmjs.org/csstype set size:undefined disposed:false
128 silly fetch manifest @babel/plugin-transform-react-jsx-source@^7.27.1
129 silly packumentCache full:https://registry.npmjs.org/@babel%2fplugin-transform-react-jsx-source cache-miss
130 http fetch GET 200 https://registry.npmjs.org/@types%2fbabel__core 201ms (cache miss)
131 silly packumentCache full:https://registry.npmjs.org/@types%2fbabel__core set size:undefined disposed:false
132 silly fetch manifest rollup@^4.20.0
133 silly packumentCache full:https://registry.npmjs.org/rollup cache-miss
134 http fetch GET 200 https://registry.npmjs.org/@babel%2fplugin-transform-react-jsx-self 221ms (cache miss)
135 silly packumentCache full:https://registry.npmjs.org/@babel%2fplugin-transform-react-jsx-self set size:undefined disposed:false
136 silly fetch manifest esbuild@^0.21.3
137 silly packumentCache full:https://registry.npmjs.org/esbuild cache-miss
138 http fetch GET 200 https://registry.npmjs.org/@rolldown%2fpluginutils 233ms (cache miss)
139 silly packumentCache full:https://registry.npmjs.org/@rolldown%2fpluginutils set size:undefined disposed:false
140 silly fetch manifest postcss@^8.4.43
141 silly packumentCache full:https://registry.npmjs.org/postcss cache-miss
142 http cache https://registry.npmjs.org/postcss 27ms (cache hit)
143 silly packumentCache full:https://registry.npmjs.org/postcss set size:766699 disposed:false
144 silly fetch manifest fsevents@~2.3.3
145 silly packumentCache full:https://registry.npmjs.org/fsevents cache-miss
146 http fetch GET 200 https://registry.npmjs.org/fsevents 591ms (cache miss)
147 silly packumentCache full:https://registry.npmjs.org/fsevents set size:undefined disposed:false
148 silly fetch manifest picocolors@^1.1.1
149 silly packumentCache full:https://registry.npmjs.org/picocolors cache-miss
150 http fetch GET 200 https://registry.npmjs.org/picocolors 140ms (cache miss)
151 silly packumentCache full:https://registry.npmjs.org/picocolors set size:undefined disposed:false
152 silly fetch manifest fraction.js@^5.3.4
153 silly packumentCache full:https://registry.npmjs.org/fraction.js cache-miss
154 http fetch GET 200 https://registry.npmjs.org/@babel%2fcore 1529ms (cache miss)
155 silly packumentCache full:https://registry.npmjs.org/@babel%2fcore set size:undefined disposed:false
156 silly fetch manifest browserslist@^4.28.9
157 silly packumentCache full:https://registry.npmjs.org/browserslist cache-miss
158 http fetch GET 200 https://registry.npmjs.org/fraction.js 572ms (cache miss)
159 silly packumentCache full:https://registry.npmjs.org/fraction.js set size:undefined disposed:false
160 silly fetch manifest caniuse-lite@^1.0.30001810
161 silly packumentCache full:https://registry.npmjs.org/caniuse-lite cache-miss
162 http fetch GET 200 https://registry.npmjs.org/@babel%2fplugin-transform-react-jsx-source 1570ms (cache miss)
163 silly packumentCache full:https://registry.npmjs.org/@babel%2fplugin-transform-react-jsx-source set size:undefined disposed:false
164 silly fetch manifest postcss-value-parser@^4.2.0
165 silly packumentCache full:https://registry.npmjs.org/postcss-value-parser cache-miss
166 http fetch GET 200 https://registry.npmjs.org/@types%2fprop-types 1980ms (cache miss)
167 silly packumentCache full:https://registry.npmjs.org/@types%2fprop-types set size:undefined disposed:false
168 silly fetch manifest nanoid@^3.3.18
169 silly packumentCache full:https://registry.npmjs.org/nanoid cache-miss
170 http fetch GET 200 https://registry.npmjs.org/postcss-value-parser 567ms (cache miss)
171 silly packumentCache full:https://registry.npmjs.org/postcss-value-parser set size:undefined disposed:false
172 silly fetch manifest source-map-js@^1.2.1
173 silly packumentCache full:https://registry.npmjs.org/source-map-js cache-miss
174 http fetch GET 200 https://registry.npmjs.org/source-map-js 295ms (cache miss)
175 silly packumentCache full:https://registry.npmjs.org/source-map-js set size:undefined disposed:false
176 silly fetch manifest @kurkle/color@^0.3.0
177 silly packumentCache full:https://registry.npmjs.org/@kurkle%2fcolor cache-miss
178 http fetch GET 200 https://registry.npmjs.org/esbuild 2515ms (cache miss)
179 silly packumentCache full:https://registry.npmjs.org/esbuild set size:undefined disposed:false
180 silly fetch manifest loose-envify@^1.1.0
181 silly packumentCache full:https://registry.npmjs.org/loose-envify cache-miss
182 http fetch GET 200 https://registry.npmjs.org/loose-envify 97ms (cache miss)
183 silly packumentCache full:https://registry.npmjs.org/loose-envify set size:undefined disposed:false
184 silly fetch manifest scheduler@^0.23.2
185 silly packumentCache full:https://registry.npmjs.org/scheduler cache-miss
186 http fetch GET 200 https://registry.npmjs.org/nanoid 983ms (cache miss)
187 silly packumentCache full:https://registry.npmjs.org/nanoid set size:undefined disposed:false
188 silly fetch manifest arg@^5.0.2
189 silly packumentCache full:https://registry.npmjs.org/arg cache-miss
190 http fetch GET 200 https://registry.npmjs.org/rollup 3011ms (cache miss)
191 silly packumentCache full:https://registry.npmjs.org/rollup set size:undefined disposed:false
192 silly fetch manifest dlv@^1.1.3
193 silly packumentCache full:https://registry.npmjs.org/dlv cache-miss
194 http fetch GET 200 https://registry.npmjs.org/browserslist 2071ms (cache miss)
195 silly packumentCache full:https://registry.npmjs.org/browserslist set size:undefined disposed:false
196 silly fetch manifest jiti@^1.21.7
197 silly packumentCache full:https://registry.npmjs.org/jiti cache-miss
198 http fetch GET 200 https://registry.npmjs.org/dlv 387ms (cache miss)
199 silly packumentCache full:https://registry.npmjs.org/dlv set size:undefined disposed:false
200 silly fetch manifest is-glob@^4.0.3
201 silly packumentCache full:https://registry.npmjs.org/is-glob cache-miss
202 http fetch GET 200 https://registry.npmjs.org/@kurkle%2fcolor 1130ms (cache miss)
203 silly packumentCache full:https://registry.npmjs.org/@kurkle%2fcolor set size:undefined disposed:false
204 silly fetch manifest resolve@^1.22.8
205 silly packumentCache full:https://registry.npmjs.org/resolve cache-miss
206 http fetch GET 200 https://registry.npmjs.org/arg 1017ms (cache miss)
207 silly packumentCache full:https://registry.npmjs.org/arg set size:undefined disposed:false
208 silly fetch manifest sucrase@^3.35.0
209 silly packumentCache full:https://registry.npmjs.org/sucrase cache-miss
210 http fetch GET 200 https://registry.npmjs.org/is-glob 723ms (cache miss)
211 silly packumentCache full:https://registry.npmjs.org/is-glob set size:undefined disposed:false
212 silly fetch manifest chokidar@^3.6.0
213 silly packumentCache full:https://registry.npmjs.org/chokidar cache-miss
214 http fetch GET 200 https://registry.npmjs.org/caniuse-lite 3361ms (cache miss)
215 silly packumentCache full:https://registry.npmjs.org/caniuse-lite set size:undefined disposed:false
216 silly fetch manifest fast-glob@^3.3.2
217 silly packumentCache full:https://registry.npmjs.org/fast-glob cache-miss
218 http fetch GET 200 https://registry.npmjs.org/chokidar 591ms (cache miss)
219 silly packumentCache full:https://registry.npmjs.org/chokidar set size:undefined disposed:false
220 silly fetch manifest lilconfig@^3.1.3
221 silly packumentCache full:https://registry.npmjs.org/lilconfig cache-miss
222 http fetch GET 200 https://registry.npmjs.org/sucrase 1080ms (cache miss)
223 silly packumentCache full:https://registry.npmjs.org/sucrase set size:undefined disposed:false
224 silly fetch manifest didyoumean@^1.2.2
225 silly packumentCache full:https://registry.npmjs.org/didyoumean cache-miss
226 http fetch GET 200 https://registry.npmjs.org/resolve 1637ms (cache miss)
227 silly packumentCache full:https://registry.npmjs.org/resolve set size:undefined disposed:false
228 silly fetch manifest micromatch@^4.0.8
229 silly packumentCache full:https://registry.npmjs.org/micromatch cache-miss
230 http fetch GET 200 https://registry.npmjs.org/lilconfig 427ms (cache miss)
231 silly packumentCache full:https://registry.npmjs.org/lilconfig set size:undefined disposed:false
232 silly fetch manifest postcss-js@^4.0.1
233 silly packumentCache full:https://registry.npmjs.org/postcss-js cache-miss
234 http fetch GET 200 https://registry.npmjs.org/jiti 1953ms (cache miss)
235 silly packumentCache full:https://registry.npmjs.org/jiti set size:undefined disposed:false
236 silly fetch manifest glob-parent@^6.0.2
237 silly packumentCache full:https://registry.npmjs.org/glob-parent cache-miss
238 http fetch GET 200 https://registry.npmjs.org/fast-glob 656ms (cache miss)
239 silly packumentCache full:https://registry.npmjs.org/fast-glob set size:undefined disposed:false
240 silly fetch manifest object-hash@^3.0.0
241 silly packumentCache full:https://registry.npmjs.org/object-hash cache-miss
242 http fetch GET 200 https://registry.npmjs.org/postcss-js 433ms (cache miss)
243 silly packumentCache full:https://registry.npmjs.org/postcss-js set size:undefined disposed:false
244 silly fetch manifest normalize-path@^3.0.0
245 silly packumentCache full:https://registry.npmjs.org/normalize-path cache-miss
246 http fetch GET 200 https://registry.npmjs.org/micromatch 508ms (cache miss)
247 silly packumentCache full:https://registry.npmjs.org/micromatch set size:undefined disposed:false
248 silly fetch manifest postcss-import@^15.1.0
249 silly packumentCache full:https://registry.npmjs.org/postcss-import cache-miss
250 http fetch GET 200 https://registry.npmjs.org/didyoumean 814ms (cache miss)
251 silly packumentCache full:https://registry.npmjs.org/didyoumean set size:undefined disposed:false
252 silly fetch manifest postcss-nested@^6.2.0
253 silly packumentCache full:https://registry.npmjs.org/postcss-nested cache-miss
254 http fetch GET 200 https://registry.npmjs.org/glob-parent 292ms (cache miss)
255 silly packumentCache full:https://registry.npmjs.org/glob-parent set size:undefined disposed:false
256 silly fetch manifest @alloc/quick-lru@^5.2.0
257 silly packumentCache full:https://registry.npmjs.org/@alloc%2fquick-lru cache-miss
258 http fetch GET 200 https://registry.npmjs.org/object-hash 459ms (cache miss)
259 silly packumentCache full:https://registry.npmjs.org/object-hash set size:undefined disposed:false
260 silly fetch manifest postcss-load-config@^4.0.2 || ^5.0 || ^6.0
261 silly packumentCache full:https://registry.npmjs.org/postcss-load-config cache-miss
262 http fetch GET 200 https://registry.npmjs.org/normalize-path 377ms (cache miss)
263 silly packumentCache full:https://registry.npmjs.org/normalize-path set size:undefined disposed:false
264 silly fetch manifest postcss-selector-parser@^6.1.2
265 silly packumentCache full:https://registry.npmjs.org/postcss-selector-parser cache-miss
266 http fetch GET 200 https://registry.npmjs.org/postcss-nested 507ms (cache miss)
267 silly packumentCache full:https://registry.npmjs.org/postcss-nested set size:undefined disposed:false
268 silly fetch manifest cfb@~1.2.1
269 silly packumentCache full:https://registry.npmjs.org/cfb cache-miss
270 http fetch GET 200 https://registry.npmjs.org/postcss-load-config 547ms (cache miss)
271 silly packumentCache full:https://registry.npmjs.org/postcss-load-config set size:undefined disposed:false
272 silly fetch manifest ssf@~0.11.2
273 silly packumentCache full:https://registry.npmjs.org/ssf cache-miss
274 http fetch GET 200 https://registry.npmjs.org/postcss-import 896ms (cache miss)
275 silly packumentCache full:https://registry.npmjs.org/postcss-import set size:undefined disposed:false
276 silly fetch manifest wmf@~1.0.1
277 silly packumentCache full:https://registry.npmjs.org/wmf cache-miss
278 http fetch GET 200 https://registry.npmjs.org/cfb 422ms (cache miss)
279 silly packumentCache full:https://registry.npmjs.org/cfb set size:undefined disposed:false
280 silly fetch manifest word@~0.3.0
281 silly packumentCache full:https://registry.npmjs.org/word cache-miss
282 http fetch GET 200 https://registry.npmjs.org/@alloc%2fquick-lru 929ms (cache miss)
283 silly packumentCache full:https://registry.npmjs.org/@alloc%2fquick-lru set size:undefined disposed:false
284 silly fetch manifest crc-32@~1.2.1
285 silly packumentCache full:https://registry.npmjs.org/crc-32 cache-miss
286 http fetch GET 200 https://registry.npmjs.org/postcss-selector-parser 592ms (cache miss)
287 silly packumentCache full:https://registry.npmjs.org/postcss-selector-parser set size:undefined disposed:false
288 silly fetch manifest adler-32@~1.3.0
289 silly packumentCache full:https://registry.npmjs.org/adler-32 cache-miss
290 http fetch GET 200 https://registry.npmjs.org/crc-32 74ms (cache miss)
291 silly packumentCache full:https://registry.npmjs.org/crc-32 set size:undefined disposed:false
292 silly fetch manifest codepage@~1.15.0
293 silly packumentCache full:https://registry.npmjs.org/codepage cache-miss
294 http fetch GET 200 https://registry.npmjs.org/ssf 382ms (cache miss)
295 silly packumentCache full:https://registry.npmjs.org/ssf set size:undefined disposed:false
296 http fetch GET 200 https://registry.npmjs.org/wmf 319ms (cache miss)
297 silly packumentCache full:https://registry.npmjs.org/wmf set size:undefined disposed:false
298 http fetch GET 200 https://registry.npmjs.org/adler-32 340ms (cache miss)
299 silly packumentCache full:https://registry.npmjs.org/adler-32 set size:undefined disposed:false
300 http fetch GET 200 https://registry.npmjs.org/word 426ms (cache miss)
301 silly packumentCache full:https://registry.npmjs.org/word set size:undefined disposed:false
302 http fetch GET 200 https://registry.npmjs.org/codepage 412ms (cache miss)
303 silly packumentCache full:https://registry.npmjs.org/codepage set size:undefined disposed:false
304 http fetch GET 200 https://registry.npmjs.org/react-refresh 7331ms (cache miss)
305 silly packumentCache full:https://registry.npmjs.org/react-refresh set size:undefined disposed:false
306 http fetch GET 200 https://registry.npmjs.org/scheduler 5354ms (cache miss)
307 silly packumentCache full:https://registry.npmjs.org/scheduler set size:undefined disposed:false
308 silly placeDep ROOT @types/prop-types@15.7.15 OK for: @types/react@18.3.31 want: *
309 silly placeDep ROOT csstype@3.2.3 OK for: @types/react@18.3.31 want: ^3.2.2
310 silly placeDep ROOT @babel/core@7.29.7 OK for: @vitejs/plugin-react@4.7.0 want: ^7.28.0
311 silly placeDep ROOT @babel/plugin-transform-react-jsx-self@7.29.7 OK for: @vitejs/plugin-react@4.7.0 want: ^7.27.1
312 silly placeDep ROOT @babel/plugin-transform-react-jsx-source@7.29.7 OK for: @vitejs/plugin-react@4.7.0 want: ^7.27.1
313 silly placeDep ROOT @rolldown/pluginutils@1.0.0-beta.27 OK for: @vitejs/plugin-react@4.7.0 want: 1.0.0-beta.27
314 silly placeDep ROOT @types/babel__core@7.20.5 OK for: @vitejs/plugin-react@4.7.0 want: ^7.20.5
315 silly placeDep ROOT react-refresh@0.17.0 OK for: @vitejs/plugin-react@4.7.0 want: ^0.17.0
316 silly fetch manifest debug@^4.1.0
317 silly packumentCache full:https://registry.npmjs.org/debug cache-miss
318 silly fetch manifest json5@^2.2.3
319 silly packumentCache full:https://registry.npmjs.org/json5 cache-miss
320 silly fetch manifest semver@^6.3.1
321 silly packumentCache full:https://registry.npmjs.org/semver cache-miss
322 silly fetch manifest gensync@^1.0.0-beta.2
323 silly packumentCache full:https://registry.npmjs.org/gensync cache-miss
324 silly fetch manifest @babel/types@^7.29.7
325 silly packumentCache full:https://registry.npmjs.org/@babel%2ftypes cache-miss
326 silly fetch manifest @babel/parser@^7.29.7
327 silly packumentCache full:https://registry.npmjs.org/@babel%2fparser cache-miss
328 silly fetch manifest @babel/helpers@^7.29.7
329 silly packumentCache full:https://registry.npmjs.org/@babel%2fhelpers cache-miss
330 http fetch GET 200 https://registry.npmjs.org/json5 111ms (cache miss)
331 silly packumentCache full:https://registry.npmjs.org/json5 set size:undefined disposed:false
332 silly fetch manifest @babel/template@^7.29.7
333 silly packumentCache full:https://registry.npmjs.org/@babel%2ftemplate cache-miss
334 http fetch GET 200 https://registry.npmjs.org/gensync 179ms (cache miss)
335 silly packumentCache full:https://registry.npmjs.org/gensync set size:undefined disposed:false
336 silly fetch manifest @babel/traverse@^7.29.7
337 silly packumentCache full:https://registry.npmjs.org/@babel%2ftraverse cache-miss
338 http fetch GET 200 https://registry.npmjs.org/@babel%2ftemplate 225ms (cache miss)
339 silly packumentCache full:https://registry.npmjs.org/@babel%2ftemplate set size:undefined disposed:false
340 silly fetch manifest @babel/generator@^7.29.7
341 silly packumentCache full:https://registry.npmjs.org/@babel%2fgenerator cache-miss
342 http fetch GET 200 https://registry.npmjs.org/semver 353ms (cache miss)
343 silly packumentCache full:https://registry.npmjs.org/semver set size:undefined disposed:false
344 silly fetch manifest @babel/code-frame@^7.29.7
345 silly packumentCache full:https://registry.npmjs.org/@babel%2fcode-frame cache-miss
346 http fetch GET 200 https://registry.npmjs.org/debug 1003ms (cache miss)
347 silly packumentCache full:https://registry.npmjs.org/debug set size:undefined disposed:false
348 silly fetch manifest convert-source-map@^2.0.0
349 silly packumentCache full:https://registry.npmjs.org/convert-source-map cache-miss
350 http fetch GET 200 https://registry.npmjs.org/@babel%2fgenerator 673ms (cache miss)
351 silly packumentCache full:https://registry.npmjs.org/@babel%2fgenerator set size:undefined disposed:false
352 silly fetch manifest @jridgewell/remapping@^2.3.5
353 silly packumentCache full:https://registry.npmjs.org/@jridgewell%2fremapping cache-miss
354 http fetch GET 200 https://registry.npmjs.org/@babel%2fcode-frame 671ms (cache miss)
355 silly packumentCache full:https://registry.npmjs.org/@babel%2fcode-frame set size:undefined disposed:false
356 silly fetch manifest @babel/helper-module-transforms@^7.29.7
357 silly packumentCache full:https://registry.npmjs.org/@babel%2fhelper-module-transforms cache-miss
358 http fetch GET 200 https://registry.npmjs.org/@babel%2fparser 1040ms (cache miss)
359 silly packumentCache full:https://registry.npmjs.org/@babel%2fparser set size:undefined disposed:false
360 silly fetch manifest @babel/helper-compilation-targets@^7.29.7
361 silly packumentCache full:https://registry.npmjs.org/@babel%2fhelper-compilation-targets cache-miss
362 http fetch GET 200 https://registry.npmjs.org/convert-source-map 134ms (cache miss)
363 silly packumentCache full:https://registry.npmjs.org/convert-source-map set size:undefined disposed:false
364 silly fetch manifest @babel/helper-plugin-utils@^7.29.7
365 silly packumentCache full:https://registry.npmjs.org/@babel%2fhelper-plugin-utils cache-miss
366 http fetch GET 200 https://registry.npmjs.org/@babel%2fhelper-compilation-targets 154ms (cache miss)
367 silly packumentCache full:https://registry.npmjs.org/@babel%2fhelper-compilation-targets set size:undefined disposed:false
368 silly fetch manifest @babel/helper-plugin-utils@^7.29.7
369 silly packumentCache full:https://registry.npmjs.org/@babel%2fhelper-plugin-utils cache-miss
370 http fetch GET 200 https://registry.npmjs.org/@jridgewell%2fremapping 328ms (cache miss)
371 silly packumentCache full:https://registry.npmjs.org/@jridgewell%2fremapping set size:undefined disposed:false
372 silly fetch manifest @babel/types@^7.20.7
373 silly packumentCache full:https://registry.npmjs.org/@babel%2ftypes cache-miss
374 http fetch GET 200 https://registry.npmjs.org/@babel%2ftypes 1542ms (cache miss)
375 silly packumentCache full:https://registry.npmjs.org/@babel%2ftypes set size:undefined disposed:false
376 silly fetch manifest @babel/parser@^7.20.7
377 silly packumentCache full:https://registry.npmjs.org/@babel%2fparser cache-miss
378 http cache https://registry.npmjs.org/@babel%2fparser 12ms (cache hit)
379 silly packumentCache full:https://registry.npmjs.org/@babel%2fparser set size:737961 disposed:false
380 silly fetch manifest @types/babel__template@*
381 silly packumentCache full:https://registry.npmjs.org/@types%2fbabel__template cache-miss
382 http fetch GET 200 https://registry.npmjs.org/@babel%2fhelper-plugin-utils 503ms (cache miss)
383 silly packumentCache full:https://registry.npmjs.org/@babel%2fhelper-plugin-utils set size:undefined disposed:false
384 silly fetch manifest @types/babel__traverse@*
385 silly packumentCache full:https://registry.npmjs.org/@types%2fbabel__traverse cache-miss
386 http fetch GET 200 https://registry.npmjs.org/@babel%2fhelper-plugin-utils 638ms (cache miss)
387 silly packumentCache full:https://registry.npmjs.org/@babel%2fhelper-plugin-utils set size:undefined disposed:false
388 silly fetch manifest @types/babel__generator@*
389 silly packumentCache full:https://registry.npmjs.org/@types%2fbabel__generator cache-miss
390 http fetch GET 200 https://registry.npmjs.org/@types%2fbabel__template 281ms (cache miss)
391 silly packumentCache full:https://registry.npmjs.org/@types%2fbabel__template set size:undefined disposed:false
392 http fetch GET 200 https://registry.npmjs.org/@babel%2fhelpers 1942ms (cache miss)
393 silly packumentCache full:https://registry.npmjs.org/@babel%2fhelpers set size:undefined disposed:false
394 http fetch GET 200 https://registry.npmjs.org/@types%2fbabel__generator 161ms (cache miss)
395 silly packumentCache full:https://registry.npmjs.org/@types%2fbabel__generator set size:undefined disposed:false
396 http fetch GET 200 https://registry.npmjs.org/@babel%2ftypes 721ms (cache miss)
397 silly packumentCache full:https://registry.npmjs.org/@babel%2ftypes set size:undefined disposed:false
398 http fetch GET 200 https://registry.npmjs.org/@babel%2fhelper-module-transforms 1134ms (cache miss)
399 silly packumentCache full:https://registry.npmjs.org/@babel%2fhelper-module-transforms set size:undefined disposed:false
400 http fetch GET 200 https://registry.npmjs.org/@types%2fbabel__traverse 656ms (cache miss)
401 silly packumentCache full:https://registry.npmjs.org/@types%2fbabel__traverse set size:undefined disposed:false
402 http fetch GET 200 https://registry.npmjs.org/@babel%2ftraverse 2595ms (cache miss)
403 silly packumentCache full:https://registry.npmjs.org/@babel%2ftraverse set size:undefined disposed:false
404 silly fetch manifest @babel/core@^7.0.0
405 silly packumentCache full:https://registry.npmjs.org/@babel%2fcore cache-miss
406 http cache https://registry.npmjs.org/@babel%2fcore 12ms (cache hit)
407 silly packumentCache full:https://registry.npmjs.org/@babel%2fcore set size:788273 disposed:false
408 silly placeDep ROOT @babel/code-frame@7.29.7 OK for: @babel/core@7.29.7 want: ^7.29.7
409 silly placeDep ROOT @babel/generator@7.29.8 OK for: @babel/core@7.29.7 want: ^7.29.7
410 silly placeDep ROOT @babel/helper-compilation-targets@7.29.7 OK for: @babel/core@7.29.7 want: ^7.29.7
411 silly placeDep ROOT @babel/helper-module-transforms@7.29.7 OK for: @babel/core@7.29.7 want: ^7.29.7
412 silly placeDep ROOT @babel/helpers@7.29.7 OK for: @babel/core@7.29.7 want: ^7.29.7
413 silly placeDep ROOT @babel/parser@7.29.8 OK for: @babel/core@7.29.7 want: ^7.29.7
414 silly placeDep ROOT @babel/template@7.29.7 OK for: @babel/core@7.29.7 want: ^7.29.7
415 silly placeDep ROOT @babel/traverse@7.29.8 OK for: @babel/core@7.29.7 want: ^7.29.7
416 silly placeDep ROOT @babel/types@7.29.8 OK for: @babel/core@7.29.7 want: ^7.29.7
417 silly placeDep ROOT @jridgewell/remapping@2.3.5 OK for: @babel/core@7.29.7 want: ^2.3.5
418 silly placeDep ROOT convert-source-map@2.0.0 OK for: @babel/core@7.29.7 want: ^2.0.0
419 silly placeDep ROOT debug@4.4.3 OK for: @babel/core@7.29.7 want: ^4.1.0
420 silly placeDep ROOT gensync@1.0.0-beta.2 OK for: @babel/core@7.29.7 want: ^1.0.0-beta.2
421 silly placeDep ROOT json5@2.2.3 OK for: @babel/core@7.29.7 want: ^2.2.3
422 silly placeDep ROOT semver@6.3.1 OK for: @babel/core@7.29.7 want: ^6.3.1
423 silly fetch manifest js-tokens@^4.0.0
424 silly packumentCache full:https://registry.npmjs.org/js-tokens cache-miss
425 silly fetch manifest @babel/helper-validator-identifier@^7.29.7
426 silly packumentCache full:https://registry.npmjs.org/@babel%2fhelper-validator-identifier cache-miss
427 silly fetch manifest jsesc@^3.0.2
428 silly packumentCache full:https://registry.npmjs.org/jsesc cache-miss
429 silly fetch manifest @babel/types@^7.29.8
430 silly packumentCache full:https://registry.npmjs.org/@babel%2ftypes cache-miss
431 silly fetch manifest @babel/parser@^7.29.8
432 silly packumentCache full:https://registry.npmjs.org/@babel%2fparser cache-hit
433 silly fetch manifest @jridgewell/gen-mapping@^0.3.12
434 silly packumentCache full:https://registry.npmjs.org/@jridgewell%2fgen-mapping cache-miss
435 silly fetch manifest @jridgewell/trace-mapping@^0.3.28
436 silly packumentCache full:https://registry.npmjs.org/@jridgewell%2ftrace-mapping cache-miss
437 silly fetch manifest lru-cache@^5.1.1
438 silly packumentCache full:https://registry.npmjs.org/lru-cache cache-miss
439 http cache https://registry.npmjs.org/@babel%2ftypes 24ms (cache hit)
440 silly packumentCache full:https://registry.npmjs.org/@babel%2ftypes set size:502938 disposed:false
441 silly fetch manifest browserslist@^4.24.0
442 silly packumentCache full:https://registry.npmjs.org/browserslist cache-miss
443 http cache https://registry.npmjs.org/browserslist 11ms (cache hit)
444 silly packumentCache full:https://registry.npmjs.org/browserslist set size:521015 disposed:false
445 silly fetch manifest @babel/compat-data@^7.29.7
446 silly packumentCache full:https://registry.npmjs.org/@babel%2fcompat-data cache-miss
447 http fetch GET 200 https://registry.npmjs.org/@babel%2fhelper-validator-identifier 100ms (cache miss)
448 silly packumentCache full:https://registry.npmjs.org/@babel%2fhelper-validator-identifier set size:undefined disposed:false
449 silly fetch manifest @babel/helper-validator-option@^7.29.7
450 silly packumentCache full:https://registry.npmjs.org/@babel%2fhelper-validator-option cache-miss
451 http fetch GET 200 https://registry.npmjs.org/js-tokens 123ms (cache miss)
452 silly packumentCache full:https://registry.npmjs.org/js-tokens set size:undefined disposed:false
453 silly fetch manifest @babel/helper-module-imports@^7.29.7
454 silly packumentCache full:https://registry.npmjs.org/@babel%2fhelper-module-imports cache-miss
455 http fetch GET 200 https://registry.npmjs.org/jsesc 139ms (cache miss)
456 silly packumentCache full:https://registry.npmjs.org/jsesc set size:undefined disposed:false
457 silly fetch manifest debug@^4.3.1
458 silly packumentCache full:https://registry.npmjs.org/debug cache-miss
459 http cache https://registry.npmjs.org/debug 8ms (cache hit)
460 silly packumentCache full:https://registry.npmjs.org/debug set size:195840 disposed:false
461 silly fetch manifest @babel/helper-globals@^7.29.7
462 silly packumentCache full:https://registry.npmjs.org/@babel%2fhelper-globals cache-miss
463 http fetch GET 200 https://registry.npmjs.org/lru-cache 183ms (cache miss)
464 silly packumentCache full:https://registry.npmjs.org/lru-cache set size:undefined disposed:false
465 silly fetch manifest @babel/helper-string-parser@^7.29.7
466 silly packumentCache full:https://registry.npmjs.org/@babel%2fhelper-string-parser cache-miss
467 http fetch GET 200 https://registry.npmjs.org/@babel%2fhelper-validator-option 109ms (cache miss)
468 silly packumentCache full:https://registry.npmjs.org/@babel%2fhelper-validator-option set size:undefined disposed:false
469 silly fetch manifest @jridgewell/gen-mapping@^0.3.5
470 silly packumentCache full:https://registry.npmjs.org/@jridgewell%2fgen-mapping cache-miss
471 http fetch GET 200 https://registry.npmjs.org/@jridgewell%2ftrace-mapping 227ms (cache miss)
472 silly packumentCache full:https://registry.npmjs.org/@jridgewell%2ftrace-mapping set size:undefined disposed:false
473 silly fetch manifest @jridgewell/trace-mapping@^0.3.24
474 silly packumentCache full:https://registry.npmjs.org/@jridgewell%2ftrace-mapping cache-miss
475 http fetch GET 200 https://registry.npmjs.org/@babel%2fhelper-globals 85ms (cache miss)
476 silly packumentCache full:https://registry.npmjs.org/@babel%2fhelper-globals set size:undefined disposed:false
477 silly fetch manifest ms@^2.1.3
478 silly packumentCache full:https://registry.npmjs.org/ms cache-miss
479 http cache https://registry.npmjs.org/@jridgewell%2ftrace-mapping 10ms (cache hit)
480 silly packumentCache full:https://registry.npmjs.org/@jridgewell%2ftrace-mapping set size:170909 disposed:false
481 http fetch GET 200 https://registry.npmjs.org/@babel%2fhelper-string-parser 70ms (cache miss)
482 silly packumentCache full:https://registry.npmjs.org/@babel%2fhelper-string-parser set size:undefined disposed:false
483 http fetch GET 200 https://registry.npmjs.org/@jridgewell%2fgen-mapping 86ms (cache miss)
484 silly packumentCache full:https://registry.npmjs.org/@jridgewell%2fgen-mapping set size:undefined disposed:false
485 http fetch GET 200 https://registry.npmjs.org/@jridgewell%2fgen-mapping 305ms (cache miss)
486 silly packumentCache full:https://registry.npmjs.org/@jridgewell%2fgen-mapping set size:undefined disposed:false
487 http fetch GET 200 https://registry.npmjs.org/ms 112ms (cache miss)
488 silly packumentCache full:https://registry.npmjs.org/ms set size:undefined disposed:false
489 http fetch GET 200 https://registry.npmjs.org/@babel%2fhelper-module-imports 455ms (cache miss)
490 silly packumentCache full:https://registry.npmjs.org/@babel%2fhelper-module-imports set size:undefined disposed:false
491 http fetch GET 200 https://registry.npmjs.org/@babel%2fcompat-data 918ms (cache miss)
492 silly packumentCache full:https://registry.npmjs.org/@babel%2fcompat-data set size:undefined disposed:false
493 silly placeDep ROOT @babel/helper-validator-identifier@7.29.7 OK for: @babel/code-frame@7.29.7 want: ^7.29.7
494 silly placeDep ROOT js-tokens@4.0.0 OK for: @babel/code-frame@7.29.7 want: ^4.0.0
495 silly placeDep ROOT picocolors@1.1.1 OK for: @babel/code-frame@7.29.7 want: ^1.1.1
496 silly placeDep ROOT @jridgewell/gen-mapping@0.3.13 OK for: @babel/generator@7.29.8 want: ^0.3.12
497 silly placeDep ROOT @jridgewell/trace-mapping@0.3.31 OK for: @babel/generator@7.29.8 want: ^0.3.28
498 silly placeDep ROOT jsesc@3.1.0 OK for: @babel/generator@7.29.8 want: ^3.0.2
499 silly fetch manifest @jridgewell/sourcemap-codec@^1.5.0
500 silly packumentCache full:https://registry.npmjs.org/@jridgewell%2fsourcemap-codec cache-miss
501 silly fetch manifest @jridgewell/resolve-uri@^3.1.0
502 silly packumentCache full:https://registry.npmjs.org/@jridgewell%2fresolve-uri cache-miss
503 silly fetch manifest @jridgewell/sourcemap-codec@^1.4.14
504 silly packumentCache full:https://registry.npmjs.org/@jridgewell%2fsourcemap-codec cache-miss
505 http fetch GET 200 https://registry.npmjs.org/@jridgewell%2fresolve-uri 280ms (cache miss)
506 silly packumentCache full:https://registry.npmjs.org/@jridgewell%2fresolve-uri set size:undefined disposed:false
507 http fetch GET 200 https://registry.npmjs.org/@jridgewell%2fsourcemap-codec 576ms (cache miss)
508 silly packumentCache full:https://registry.npmjs.org/@jridgewell%2fsourcemap-codec set size:undefined disposed:false
509 http fetch GET 200 https://registry.npmjs.org/@jridgewell%2fsourcemap-codec 615ms (cache miss)
510 silly packumentCache full:https://registry.npmjs.org/@jridgewell%2fsourcemap-codec set size:undefined disposed:false
511 silly placeDep ROOT @babel/compat-data@7.29.7 OK for: @babel/helper-compilation-targets@7.29.7 want: ^7.29.7
512 silly placeDep ROOT @babel/helper-validator-option@7.29.7 OK for: @babel/helper-compilation-targets@7.29.7 want: ^7.29.7
513 silly placeDep ROOT browserslist@4.28.9 OK for: @babel/helper-compilation-targets@7.29.7 want: ^4.24.0
514 silly placeDep ROOT lru-cache@5.1.1 OK for: @babel/helper-compilation-targets@7.29.7 want: ^5.1.1
515 silly fetch manifest node-releases@^2.0.54
516 silly packumentCache full:https://registry.npmjs.org/node-releases cache-miss
517 silly fetch manifest electron-to-chromium@^1.5.420
518 silly packumentCache full:https://registry.npmjs.org/electron-to-chromium cache-miss
519 silly fetch manifest update-browserslist-db@^1.3.2
520 silly packumentCache full:https://registry.npmjs.org/update-browserslist-db cache-miss
521 silly fetch manifest baseline-browser-mapping@^2.11.20
522 silly packumentCache full:https://registry.npmjs.org/baseline-browser-mapping cache-miss
523 silly fetch manifest yallist@^3.0.2
524 silly packumentCache full:https://registry.npmjs.org/yallist cache-miss
525 http fetch GET 200 https://registry.npmjs.org/yallist 52ms (cache miss)
526 silly packumentCache full:https://registry.npmjs.org/yallist set size:undefined disposed:false
527 http fetch GET 200 https://registry.npmjs.org/update-browserslist-db 86ms (cache miss)
528 silly packumentCache full:https://registry.npmjs.org/update-browserslist-db set size:undefined disposed:false
529 http fetch GET 200 https://registry.npmjs.org/node-releases 241ms (cache miss)
530 silly packumentCache full:https://registry.npmjs.org/node-releases set size:undefined disposed:false
531 http fetch GET 200 https://registry.npmjs.org/baseline-browser-mapping 1177ms (cache miss)
532 silly packumentCache full:https://registry.npmjs.org/baseline-browser-mapping set size:undefined disposed:false
533 http fetch GET 200 https://registry.npmjs.org/electron-to-chromium 2552ms (cache miss)
534 silly packumentCache full:https://registry.npmjs.org/electron-to-chromium set size:undefined disposed:false
535 silly placeDep ROOT @babel/helper-module-imports@7.29.7 OK for: @babel/helper-module-transforms@7.29.7 want: ^7.29.7
536 silly placeDep ROOT @babel/helper-plugin-utils@7.29.7 OK for: @babel/plugin-transform-react-jsx-self@7.29.7 want: ^7.29.7
537 silly placeDep ROOT @babel/helper-globals@7.29.7 OK for: @babel/traverse@7.29.8 want: ^7.29.7
538 silly placeDep ROOT @babel/helper-string-parser@7.29.7 OK for: @babel/types@7.29.8 want: ^7.29.7
539 silly placeDep ROOT @jridgewell/sourcemap-codec@1.6.0 OK for: @jridgewell/gen-mapping@0.3.13 want: ^1.5.0
540 silly placeDep ROOT @jridgewell/resolve-uri@3.1.2 OK for: @jridgewell/trace-mapping@0.3.31 want: ^3.1.0
541 silly placeDep ROOT @types/babel__generator@7.27.0 OK for: @types/babel__core@7.20.5 want: *
542 silly placeDep ROOT @types/babel__template@7.4.4 OK for: @types/babel__core@7.20.5 want: *
543 silly placeDep ROOT @types/babel__traverse@7.28.0 OK for: @types/babel__core@7.20.5 want: *
544 silly placeDep ROOT caniuse-lite@1.0.30001810 OK for: autoprefixer@10.5.5 want: ^1.0.30001810
545 silly placeDep ROOT fraction.js@5.3.4 OK for: autoprefixer@10.5.5 want: ^5.3.4
546 silly placeDep ROOT postcss-value-parser@4.2.0 OK for: autoprefixer@10.5.5 want: ^4.2.0
547 silly fetch manifest browserslist@>= 4.21.0
548 silly packumentCache full:https://registry.npmjs.org/browserslist cache-hit
549 silly placeDep ROOT baseline-browser-mapping@2.11.21 OK for: browserslist@4.28.9 want: ^2.11.20
550 silly placeDep ROOT electron-to-chromium@1.5.422 OK for: browserslist@4.28.9 want: ^1.5.420
551 silly placeDep ROOT node-releases@2.0.54 OK for: browserslist@4.28.9 want: ^2.0.54
552 silly placeDep ROOT update-browserslist-db@1.3.2 OK for: browserslist@4.28.9 want: ^1.3.2
553 silly fetch manifest escalade@^3.2.0
554 silly packumentCache full:https://registry.npmjs.org/escalade cache-miss
555 http fetch GET 200 https://registry.npmjs.org/escalade 70ms (cache miss)
556 silly packumentCache full:https://registry.npmjs.org/escalade set size:undefined disposed:false
557 silly placeDep ROOT @kurkle/color@0.3.4 OK for: chart.js@4.5.1 want: ^0.3.0
558 silly placeDep ROOT ms@2.1.3 OK for: debug@4.4.3 want: ^2.1.3
559 silly placeDep ROOT yallist@3.1.1 OK for: lru-cache@5.1.1 want: ^3.0.2
560 silly placeDep ROOT nanoid@3.3.18 OK for: postcss@8.5.28 want: ^3.3.18
561 silly placeDep ROOT source-map-js@1.2.1 OK for: postcss@8.5.28 want: ^1.2.1
562 silly placeDep ROOT loose-envify@1.4.0 OK for: react@18.3.1 want: ^1.1.0
563 silly placeDep ROOT scheduler@0.23.2 OK for: react-dom@18.3.1 want: ^0.23.2
564 silly fetch manifest tsx@^4.8.1
565 silly packumentCache full:https://registry.npmjs.org/tsx cache-miss
566 http fetch GET 200 https://registry.npmjs.org/tsx 666ms (cache miss)
567 silly packumentCache full:https://registry.npmjs.org/tsx set size:undefined disposed:false
568 silly fetch manifest yaml@^2.4.2
569 silly packumentCache full:https://registry.npmjs.org/yaml cache-miss
570 http fetch GET 200 https://registry.npmjs.org/yaml 128ms (cache miss)
571 silly packumentCache full:https://registry.npmjs.org/yaml set size:undefined disposed:false
572 silly placeDep ROOT @alloc/quick-lru@5.3.0 OK for: tailwindcss@3.4.19 want: ^5.2.0
573 silly placeDep ROOT arg@5.0.2 OK for: tailwindcss@3.4.19 want: ^5.0.2
574 silly placeDep ROOT chokidar@3.6.0 OK for: tailwindcss@3.4.19 want: ^3.6.0
575 silly placeDep ROOT didyoumean@1.2.2 OK for: tailwindcss@3.4.19 want: ^1.2.2
576 silly placeDep ROOT dlv@1.1.3 OK for: tailwindcss@3.4.19 want: ^1.1.3
577 silly placeDep ROOT fast-glob@3.3.3 OK for: tailwindcss@3.4.19 want: ^3.3.2
578 silly placeDep ROOT glob-parent@6.0.2 OK for: tailwindcss@3.4.19 want: ^6.0.2
579 silly placeDep ROOT is-glob@4.0.3 OK for: tailwindcss@3.4.19 want: ^4.0.3
580 silly placeDep ROOT jiti@1.21.7 OK for: tailwindcss@3.4.19 want: ^1.21.7
581 silly placeDep ROOT lilconfig@3.1.3 OK for: tailwindcss@3.4.19 want: ^3.1.3
582 silly placeDep ROOT micromatch@4.0.8 OK for: tailwindcss@3.4.19 want: ^4.0.8
583 silly placeDep ROOT normalize-path@3.0.0 OK for: tailwindcss@3.4.19 want: ^3.0.0
584 silly placeDep ROOT object-hash@3.0.0 OK for: tailwindcss@3.4.19 want: ^3.0.0
585 silly placeDep ROOT postcss-import@15.1.0 OK for: tailwindcss@3.4.19 want: ^15.1.0
586 silly placeDep ROOT postcss-js@4.1.0 OK for: tailwindcss@3.4.19 want: ^4.0.1
587 silly placeDep ROOT postcss-load-config@6.0.1 OK for: tailwindcss@3.4.19 want: ^4.0.2 || ^5.0 || ^6.0
588 silly placeDep ROOT postcss-nested@6.2.0 OK for: tailwindcss@3.4.19 want: ^6.2.0
589 silly placeDep ROOT postcss-selector-parser@6.1.4 OK for: tailwindcss@3.4.19 want: ^6.1.2
590 silly placeDep ROOT resolve@1.22.12 OK for: tailwindcss@3.4.19 want: ^1.22.8
591 silly placeDep ROOT sucrase@3.35.1 OK for: tailwindcss@3.4.19 want: ^3.35.0
592 silly fetch manifest braces@~3.0.2
593 silly packumentCache full:https://registry.npmjs.org/braces cache-miss
594 silly fetch manifest is-glob@~4.0.1
595 silly packumentCache full:https://registry.npmjs.org/is-glob cache-miss
596 silly fetch manifest anymatch@~3.1.2
597 silly packumentCache full:https://registry.npmjs.org/anymatch cache-miss
598 silly fetch manifest readdirp@~3.6.0
599 silly packumentCache full:https://registry.npmjs.org/readdirp cache-miss
600 silly fetch manifest glob-parent@~5.1.2
601 silly packumentCache full:https://registry.npmjs.org/glob-parent cache-miss
602 silly fetch manifest is-binary-path@~2.1.0
603 silly packumentCache full:https://registry.npmjs.org/is-binary-path cache-miss
604 silly fetch manifest normalize-path@~3.0.0
605 silly packumentCache full:https://registry.npmjs.org/normalize-path cache-miss
606 http cache https://registry.npmjs.org/glob-parent 12ms (cache hit)
607 silly packumentCache full:https://registry.npmjs.org/glob-parent set size:42445 disposed:false
608 silly fetch manifest fsevents@~2.3.2
609 silly packumentCache full:https://registry.npmjs.org/fsevents cache-miss
610 http cache https://registry.npmjs.org/is-glob 17ms (cache hit)
611 silly packumentCache full:https://registry.npmjs.org/is-glob set size:40530 disposed:false
612 silly fetch manifest @nodelib/fs.stat@^2.0.2
613 silly packumentCache full:https://registry.npmjs.org/@nodelib%2ffs.stat cache-miss
614 http cache https://registry.npmjs.org/normalize-path 16ms (cache hit)
615 silly packumentCache full:https://registry.npmjs.org/normalize-path set size:28713 disposed:false
616 silly fetch manifest @nodelib/fs.walk@^1.2.3
617 silly packumentCache full:https://registry.npmjs.org/@nodelib%2ffs.walk cache-miss
618 http cache https://registry.npmjs.org/fsevents 12ms (cache hit)
619 silly packumentCache full:https://registry.npmjs.org/fsevents set size:182472 disposed:false
620 silly fetch manifest glob-parent@^5.1.2
621 silly packumentCache full:https://registry.npmjs.org/glob-parent cache-hit
622 silly fetch manifest merge2@^1.3.0
623 silly packumentCache full:https://registry.npmjs.org/merge2 cache-miss
624 http fetch GET 200 https://registry.npmjs.org/merge2 53ms (cache miss)
625 silly packumentCache full:https://registry.npmjs.org/merge2 set size:undefined disposed:false
626 silly fetch manifest is-extglob@^2.1.1
627 silly packumentCache full:https://registry.npmjs.org/is-extglob cache-miss
628 http fetch GET 200 https://registry.npmjs.org/is-extglob 52ms (cache miss)
629 silly packumentCache full:https://registry.npmjs.org/is-extglob set size:undefined disposed:false
630 silly fetch manifest braces@^3.0.3
631 silly packumentCache full:https://registry.npmjs.org/braces cache-miss
632 http fetch GET 200 https://registry.npmjs.org/readdirp 189ms (cache miss)
633 silly packumentCache full:https://registry.npmjs.org/readdirp set size:undefined disposed:false
634 silly fetch manifest picomatch@^2.3.1
635 silly packumentCache full:https://registry.npmjs.org/picomatch cache-miss
636 http fetch GET 200 https://registry.npmjs.org/is-binary-path 337ms (cache miss)
637 silly packumentCache full:https://registry.npmjs.org/is-binary-path set size:undefined disposed:false
638 silly fetch manifest resolve@^1.1.7
639 silly packumentCache full:https://registry.npmjs.org/resolve cache-miss
640 http fetch GET 200 https://registry.npmjs.org/braces 196ms (cache miss)
641 silly packumentCache full:https://registry.npmjs.org/braces set size:undefined disposed:false
642 silly fetch manifest read-cache@^1.0.0
643 silly packumentCache full:https://registry.npmjs.org/read-cache cache-miss
644 http cache https://registry.npmjs.org/resolve 13ms (cache hit)
645 silly packumentCache full:https://registry.npmjs.org/resolve set size:244568 disposed:false
646 silly fetch manifest camelcase-css@^2.0.1
647 silly packumentCache full:https://registry.npmjs.org/camelcase-css cache-miss
648 http fetch GET 200 https://registry.npmjs.org/anymatch 367ms (cache miss)
649 silly packumentCache full:https://registry.npmjs.org/anymatch set size:undefined disposed:false
650 silly fetch manifest postcss-selector-parser@^6.1.1
651 silly packumentCache full:https://registry.npmjs.org/postcss-selector-parser cache-miss
652 http fetch GET 200 https://registry.npmjs.org/braces 378ms (cache miss)
653 silly packumentCache full:https://registry.npmjs.org/braces set size:undefined disposed:false
654 silly fetch manifest cssesc@^3.0.0
655 silly packumentCache full:https://registry.npmjs.org/cssesc cache-miss
656 http cache https://registry.npmjs.org/postcss-selector-parser 11ms (cache hit)
657 silly packumentCache full:https://registry.npmjs.org/postcss-selector-parser set size:199901 disposed:false
658 silly fetch manifest util-deprecate@^1.0.2
659 silly packumentCache full:https://registry.npmjs.org/util-deprecate cache-miss
660 http fetch GET 200 https://registry.npmjs.org/util-deprecate 48ms (cache miss)
661 silly packumentCache full:https://registry.npmjs.org/util-deprecate set size:undefined disposed:false
662 silly fetch manifest es-errors@^1.3.0
663 silly packumentCache full:https://registry.npmjs.org/es-errors cache-miss
664 http fetch GET 200 https://registry.npmjs.org/es-errors 55ms (cache miss)
665 silly packumentCache full:https://registry.npmjs.org/es-errors set size:undefined disposed:false
666 silly fetch manifest path-parse@^1.0.7
667 silly packumentCache full:https://registry.npmjs.org/path-parse cache-miss
668 http fetch GET 200 https://registry.npmjs.org/@nodelib%2ffs.stat 593ms (cache miss)
669 silly packumentCache full:https://registry.npmjs.org/@nodelib%2ffs.stat set size:undefined disposed:false
670 silly fetch manifest is-core-module@^2.16.1
671 silly packumentCache full:https://registry.npmjs.org/is-core-module cache-miss
672 http fetch GET 200 https://registry.npmjs.org/picomatch 451ms (cache miss)
673 silly packumentCache full:https://registry.npmjs.org/picomatch set size:undefined disposed:false
674 silly fetch manifest supports-preserve-symlinks-flag@^1.0.0
675 silly packumentCache full:https://registry.npmjs.org/supports-preserve-symlinks-flag cache-miss
676 http fetch GET 200 https://registry.npmjs.org/camelcase-css 341ms (cache miss)
677 silly packumentCache full:https://registry.npmjs.org/camelcase-css set size:undefined disposed:false
678 silly fetch manifest commander@^4.0.0
679 silly packumentCache full:https://registry.npmjs.org/commander cache-miss
680 http fetch GET 200 https://registry.npmjs.org/read-cache 374ms (cache miss)
681 silly packumentCache full:https://registry.npmjs.org/read-cache set size:undefined disposed:false
682 silly fetch manifest lines-and-columns@^1.1.6
683 silly packumentCache full:https://registry.npmjs.org/lines-and-columns cache-miss
684 http fetch GET 200 https://registry.npmjs.org/is-core-module 123ms (cache miss)
685 silly packumentCache full:https://registry.npmjs.org/is-core-module set size:undefined disposed:false
686 silly fetch manifest mz@^2.7.0
687 silly packumentCache full:https://registry.npmjs.org/mz cache-miss
688 http fetch GET 200 https://registry.npmjs.org/cssesc 377ms (cache miss)
689 silly packumentCache full:https://registry.npmjs.org/cssesc set size:undefined disposed:false
690 silly fetch manifest pirates@^4.0.1
691 silly packumentCache full:https://registry.npmjs.org/pirates cache-miss
692 http fetch GET 200 https://registry.npmjs.org/@nodelib%2ffs.walk 748ms (cache miss)
693 silly packumentCache full:https://registry.npmjs.org/@nodelib%2ffs.walk set size:undefined disposed:false
694 silly fetch manifest tinyglobby@^0.2.11
695 silly packumentCache full:https://registry.npmjs.org/tinyglobby cache-miss
696 http fetch GET 200 https://registry.npmjs.org/path-parse 339ms (cache miss)
697 silly packumentCache full:https://registry.npmjs.org/path-parse set size:undefined disposed:false
698 silly fetch manifest ts-interface-checker@^0.1.9
699 silly packumentCache full:https://registry.npmjs.org/ts-interface-checker cache-miss
700 http fetch GET 200 https://registry.npmjs.org/tinyglobby 94ms (cache miss)
701 silly packumentCache full:https://registry.npmjs.org/tinyglobby set size:undefined disposed:false
702 http fetch GET 200 https://registry.npmjs.org/supports-preserve-symlinks-flag 370ms (cache miss)
703 silly packumentCache full:https://registry.npmjs.org/supports-preserve-symlinks-flag set size:undefined disposed:false
704 http fetch GET 200 https://registry.npmjs.org/mz 416ms (cache miss)
705 silly packumentCache full:https://registry.npmjs.org/mz set size:undefined disposed:false
706 http fetch GET 200 https://registry.npmjs.org/lines-and-columns 446ms (cache miss)
707 silly packumentCache full:https://registry.npmjs.org/lines-and-columns set size:undefined disposed:false
708 http fetch GET 200 https://registry.npmjs.org/pirates 440ms (cache miss)
709 silly packumentCache full:https://registry.npmjs.org/pirates set size:undefined disposed:false
710 http fetch GET 200 https://registry.npmjs.org/commander 506ms (cache miss)
711 silly packumentCache full:https://registry.npmjs.org/commander set size:undefined disposed:false
712 http fetch GET 200 https://registry.npmjs.org/ts-interface-checker 390ms (cache miss)
713 silly packumentCache full:https://registry.npmjs.org/ts-interface-checker set size:undefined disposed:false
714 silly placeDep ROOT anymatch@3.1.3 OK for: chokidar@3.6.0 want: ~3.1.2
715 silly placeDep ROOT braces@3.0.3 OK for: chokidar@3.6.0 want: ~3.0.2
716 silly placeDep ROOT fsevents@2.3.3 OK for: chokidar@3.6.0 want: ~2.3.2
717 silly placeDep node_modules/chokidar glob-parent@5.1.2 OK for: chokidar@3.6.0 want: ~5.1.2
718 silly placeDep ROOT is-binary-path@2.1.0 OK for: chokidar@3.6.0 want: ~2.1.0
719 silly placeDep ROOT readdirp@3.6.0 OK for: chokidar@3.6.0 want: ~3.6.0
720 silly fetch manifest picomatch@^2.0.4
721 silly packumentCache full:https://registry.npmjs.org/picomatch cache-miss
722 silly fetch manifest fill-range@^7.1.1
723 silly packumentCache full:https://registry.npmjs.org/fill-range cache-miss
724 silly fetch manifest binary-extensions@^2.0.0
725 silly packumentCache full:https://registry.npmjs.org/binary-extensions cache-miss
726 silly fetch manifest picomatch@^2.2.1
727 silly packumentCache full:https://registry.npmjs.org/picomatch cache-miss
728 http cache https://registry.npmjs.org/picomatch 56ms (cache hit)
729 silly packumentCache full:https://registry.npmjs.org/picomatch set size:134451 disposed:false
730 http cache https://registry.npmjs.org/picomatch 58ms (cache hit)
731 silly packumentCache full:https://registry.npmjs.org/picomatch set size:134451 disposed:false
732 silly packumentCache full:https://registry.npmjs.org/picomatch dispose
733 http fetch GET 200 https://registry.npmjs.org/binary-extensions 84ms (cache miss)
734 silly packumentCache full:https://registry.npmjs.org/binary-extensions set size:undefined disposed:false
735 http fetch GET 200 https://registry.npmjs.org/fill-range 414ms (cache miss)
736 silly packumentCache full:https://registry.npmjs.org/fill-range set size:undefined disposed:false
737 silly placeDep ROOT picomatch@2.3.2 OK for: anymatch@3.1.3 want: ^2.0.4
738 silly placeDep ROOT fill-range@7.1.1 OK for: braces@3.0.3 want: ^7.1.1
739 silly fetch manifest to-regex-range@^5.0.1
740 silly packumentCache full:https://registry.npmjs.org/to-regex-range cache-miss
741 http fetch GET 200 https://registry.npmjs.org/to-regex-range 364ms (cache miss)
742 silly packumentCache full:https://registry.npmjs.org/to-regex-range set size:undefined disposed:false
743 silly placeDep ROOT @nodelib/fs.stat@2.0.5 OK for: fast-glob@3.3.3 want: ^2.0.2
744 silly placeDep ROOT @nodelib/fs.walk@1.2.8 OK for: fast-glob@3.3.3 want: ^1.2.3
745 silly placeDep node_modules/fast-glob glob-parent@5.1.2 OK for: fast-glob@3.3.3 want: ^5.1.2
746 silly placeDep ROOT merge2@1.4.1 OK for: fast-glob@3.3.3 want: ^1.3.0
747 silly fetch manifest fastq@^1.6.0
748 silly packumentCache full:https://registry.npmjs.org/fastq cache-miss
749 silly fetch manifest @nodelib/fs.scandir@2.1.5
750 silly packumentCache full:https://registry.npmjs.org/@nodelib%2ffs.scandir cache-miss
751 http fetch GET 200 https://registry.npmjs.org/fastq 70ms (cache miss)
752 silly packumentCache full:https://registry.npmjs.org/fastq set size:undefined disposed:false
753 http fetch GET 200 https://registry.npmjs.org/@nodelib%2ffs.scandir 578ms (cache miss)
754 silly packumentCache full:https://registry.npmjs.org/@nodelib%2ffs.scandir set size:undefined disposed:false
755 silly placeDep ROOT @nodelib/fs.scandir@2.1.5 OK for: @nodelib/fs.walk@1.2.8 want: 2.1.5
756 silly placeDep ROOT fastq@1.20.3 OK for: @nodelib/fs.walk@1.2.8 want: ^1.6.0
757 silly fetch manifest run-parallel@^1.1.9
758 silly packumentCache full:https://registry.npmjs.org/run-parallel cache-miss
759 silly fetch manifest reusify@^1.0.4
760 silly packumentCache full:https://registry.npmjs.org/reusify cache-miss
761 http fetch GET 200 https://registry.npmjs.org/reusify 85ms (cache miss)
762 silly packumentCache full:https://registry.npmjs.org/reusify set size:undefined disposed:false
763 http fetch GET 200 https://registry.npmjs.org/run-parallel 366ms (cache miss)
764 silly packumentCache full:https://registry.npmjs.org/run-parallel set size:undefined disposed:false
765 silly placeDep ROOT run-parallel@1.2.0 OK for: @nodelib/fs.scandir@2.1.5 want: ^1.1.9
766 silly fetch manifest queue-microtask@^1.2.2
767 silly packumentCache full:https://registry.npmjs.org/queue-microtask cache-miss
768 http fetch GET 200 https://registry.npmjs.org/queue-microtask 105ms (cache miss)
769 silly packumentCache full:https://registry.npmjs.org/queue-microtask set size:undefined disposed:false
770 silly placeDep ROOT reusify@1.1.0 OK for: fastq@1.20.3 want: ^1.0.4
771 silly placeDep ROOT to-regex-range@5.0.1 OK for: fill-range@7.1.1 want: ^5.0.1
772 silly fetch manifest is-number@^7.0.0
773 silly packumentCache full:https://registry.npmjs.org/is-number cache-miss
774 http fetch GET 200 https://registry.npmjs.org/is-number 96ms (cache miss)
775 silly packumentCache full:https://registry.npmjs.org/is-number set size:undefined disposed:false
776 silly placeDep ROOT binary-extensions@2.3.0 OK for: is-binary-path@2.1.0 want: ^2.0.0
777 silly placeDep ROOT is-extglob@2.1.1 OK for: is-glob@4.0.3 want: ^2.1.1
778 silly placeDep ROOT read-cache@1.0.2 OK for: postcss-import@15.1.0 want: ^1.0.0
779 silly placeDep ROOT camelcase-css@2.0.1 OK for: postcss-js@4.1.0 want: ^2.0.1
780 silly placeDep ROOT cssesc@3.0.0 OK for: postcss-selector-parser@6.1.4 want: ^3.0.0
781 silly placeDep ROOT util-deprecate@1.0.2 OK for: postcss-selector-parser@6.1.4 want: ^1.0.2
782 silly placeDep ROOT es-errors@1.3.0 OK for: resolve@1.22.12 want: ^1.3.0
783 silly placeDep ROOT is-core-module@2.16.2 OK for: resolve@1.22.12 want: ^2.16.1
784 silly placeDep ROOT path-parse@1.0.7 OK for: resolve@1.22.12 want: ^1.0.7
785 silly placeDep ROOT supports-preserve-symlinks-flag@1.0.0 OK for: resolve@1.22.12 want: ^1.0.0
786 silly fetch manifest hasown@^2.0.3
787 silly packumentCache full:https://registry.npmjs.org/hasown cache-miss
788 http fetch GET 200 https://registry.npmjs.org/hasown 123ms (cache miss)
789 silly packumentCache full:https://registry.npmjs.org/hasown set size:undefined disposed:false
790 silly placeDep ROOT hasown@2.0.4 OK for: is-core-module@2.16.2 want: ^2.0.3
791 silly fetch manifest function-bind@^1.1.2
792 silly packumentCache full:https://registry.npmjs.org/function-bind cache-miss
793 http fetch GET 200 https://registry.npmjs.org/function-bind 41ms (cache miss)
794 silly packumentCache full:https://registry.npmjs.org/function-bind set size:undefined disposed:false
795 silly placeDep ROOT function-bind@1.1.2 OK for: hasown@2.0.4 want: ^1.1.2
796 silly placeDep ROOT queue-microtask@1.2.3 OK for: run-parallel@1.2.0 want: ^1.2.2
797 silly placeDep ROOT commander@4.1.1 OK for: sucrase@3.35.1 want: ^4.0.0
798 silly placeDep ROOT lines-and-columns@1.2.4 OK for: sucrase@3.35.1 want: ^1.1.6
799 silly placeDep ROOT mz@2.7.0 OK for: sucrase@3.35.1 want: ^2.7.0
800 silly placeDep ROOT pirates@4.0.7 OK for: sucrase@3.35.1 want: ^4.0.1
801 silly placeDep ROOT tinyglobby@0.2.17 OK for: sucrase@3.35.1 want: ^0.2.11
802 silly placeDep ROOT ts-interface-checker@0.1.13 OK for: sucrase@3.35.1 want: ^0.1.9
803 silly fetch manifest any-promise@^1.0.0
804 silly packumentCache full:https://registry.npmjs.org/any-promise cache-miss
805 silly fetch manifest object-assign@^4.0.1
806 silly packumentCache full:https://registry.npmjs.org/object-assign cache-miss
807 silly fetch manifest thenify-all@^1.0.0
808 silly packumentCache full:https://registry.npmjs.org/thenify-all cache-miss
809 silly fetch manifest fdir@^6.5.0
810 silly packumentCache full:https://registry.npmjs.org/fdir cache-miss
811 silly fetch manifest picomatch@^4.0.4
812 silly packumentCache full:https://registry.npmjs.org/picomatch cache-hit
813 http fetch GET 200 https://registry.npmjs.org/object-assign 351ms (cache miss)
814 silly packumentCache full:https://registry.npmjs.org/object-assign set size:undefined disposed:false
815 http fetch GET 200 https://registry.npmjs.org/any-promise 358ms (cache miss)
816 silly packumentCache full:https://registry.npmjs.org/any-promise set size:undefined disposed:false
817 http fetch GET 200 https://registry.npmjs.org/thenify-all 360ms (cache miss)
818 silly packumentCache full:https://registry.npmjs.org/thenify-all set size:undefined disposed:false
819 http fetch GET 200 https://registry.npmjs.org/fdir 433ms (cache miss)
820 silly packumentCache full:https://registry.npmjs.org/fdir set size:undefined disposed:false
821 silly placeDep ROOT any-promise@1.3.0 OK for: mz@2.7.0 want: ^1.0.0
822 silly placeDep ROOT object-assign@4.1.1 OK for: mz@2.7.0 want: ^4.0.1
823 silly placeDep ROOT thenify-all@1.6.0 OK for: mz@2.7.0 want: ^1.0.0
824 silly fetch manifest thenify@>= 3.1.0 < 4
825 silly packumentCache full:https://registry.npmjs.org/thenify cache-miss
826 http fetch GET 200 https://registry.npmjs.org/thenify 341ms (cache miss)
827 silly packumentCache full:https://registry.npmjs.org/thenify set size:undefined disposed:false
828 silly placeDep ROOT thenify@3.3.1 OK for: thenify-all@1.6.0 want: >= 3.1.0 < 4
829 silly placeDep node_modules/tinyglobby fdir@6.5.0 OK for: tinyglobby@0.2.17 want: ^6.5.0
830 silly placeDep node_modules/tinyglobby picomatch@4.0.7 OK for: fdir@6.5.0 want: ^3 || ^4
831 silly placeDep ROOT is-number@7.0.0 OK for: to-regex-range@5.0.1 want: ^7.0.0
832 silly placeDep ROOT escalade@3.2.0 OK for: update-browserslist-db@1.3.2 want: ^3.2.0
833 silly placeDep ROOT esbuild@0.21.5 OK for: vite@5.4.21 want: ^0.21.3
834 silly placeDep ROOT rollup@4.63.1 OK for: vite@5.4.21 want: ^4.20.0
835 silly fetch manifest @esbuild/aix-ppc64@0.21.5
836 silly packumentCache full:https://registry.npmjs.org/@esbuild%2faix-ppc64 cache-miss
837 silly fetch manifest @esbuild/linux-arm@0.21.5
838 silly packumentCache full:https://registry.npmjs.org/@esbuild%2flinux-arm cache-miss
839 silly fetch manifest @esbuild/linux-x64@0.21.5
840 silly packumentCache full:https://registry.npmjs.org/@esbuild%2flinux-x64 cache-miss
841 silly fetch manifest @esbuild/sunos-x64@0.21.5
842 silly packumentCache full:https://registry.npmjs.org/@esbuild%2fsunos-x64 cache-miss
843 silly fetch manifest @esbuild/win32-x64@0.21.5
844 silly packumentCache full:https://registry.npmjs.org/@esbuild%2fwin32-x64 cache-miss
845 silly fetch manifest @esbuild/darwin-x64@0.21.5
846 silly packumentCache full:https://registry.npmjs.org/@esbuild%2fdarwin-x64 cache-miss
847 silly fetch manifest @esbuild/linux-ia32@0.21.5
848 silly packumentCache full:https://registry.npmjs.org/@esbuild%2flinux-ia32 cache-miss
849 http fetch GET 200 https://registry.npmjs.org/@esbuild%2faix-ppc64 104ms (cache miss)
850 silly packumentCache full:https://registry.npmjs.org/@esbuild%2faix-ppc64 set size:undefined disposed:false
851 silly fetch manifest @esbuild/netbsd-x64@0.21.5
852 silly packumentCache full:https://registry.npmjs.org/@esbuild%2fnetbsd-x64 cache-miss
853 http fetch GET 200 https://registry.npmjs.org/@esbuild%2fwin32-x64 146ms (cache miss)
854 silly packumentCache full:https://registry.npmjs.org/@esbuild%2fwin32-x64 set size:undefined disposed:false
855 silly fetch manifest @esbuild/win32-ia32@0.21.5
856 silly packumentCache full:https://registry.npmjs.org/@esbuild%2fwin32-ia32 cache-miss
857 http fetch GET 200 https://registry.npmjs.org/@esbuild%2fnetbsd-x64 158ms (cache miss)
858 silly packumentCache full:https://registry.npmjs.org/@esbuild%2fnetbsd-x64 set size:undefined disposed:false
859 silly fetch manifest @esbuild/android-arm@0.21.5
860 silly packumentCache full:https://registry.npmjs.org/@esbuild%2fandroid-arm cache-miss
861 http fetch GET 200 https://registry.npmjs.org/@esbuild%2flinux-arm 338ms (cache miss)
862 silly packumentCache full:https://registry.npmjs.org/@esbuild%2flinux-arm set size:undefined disposed:false
863 silly fetch manifest @esbuild/android-x64@0.21.5
864 silly packumentCache full:https://registry.npmjs.org/@esbuild%2fandroid-x64 cache-miss
865 http fetch GET 200 https://registry.npmjs.org/@esbuild%2fsunos-x64 406ms (cache miss)
866 silly packumentCache full:https://registry.npmjs.org/@esbuild%2fsunos-x64 set size:undefined disposed:false
867 silly fetch manifest @esbuild/freebsd-x64@0.21.5
868 silly packumentCache full:https://registry.npmjs.org/@esbuild%2ffreebsd-x64 cache-miss
869 http fetch GET 200 https://registry.npmjs.org/@esbuild%2flinux-ia32 497ms (cache miss)
870 silly packumentCache full:https://registry.npmjs.org/@esbuild%2flinux-ia32 set size:undefined disposed:false
871 silly fetch manifest @esbuild/linux-arm64@0.21.5
872 silly packumentCache full:https://registry.npmjs.org/@esbuild%2flinux-arm64 cache-miss
873 http fetch GET 200 https://registry.npmjs.org/@esbuild%2fwin32-ia32 366ms (cache miss)
874 silly packumentCache full:https://registry.npmjs.org/@esbuild%2fwin32-ia32 set size:undefined disposed:false
875 silly fetch manifest @esbuild/linux-ppc64@0.21.5
876 silly packumentCache full:https://registry.npmjs.org/@esbuild%2flinux-ppc64 cache-miss
877 http fetch GET 200 https://registry.npmjs.org/@esbuild%2flinux-x64 599ms (cache miss)
878 silly packumentCache full:https://registry.npmjs.org/@esbuild%2flinux-x64 set size:undefined disposed:false
879 silly fetch manifest @esbuild/linux-s390x@0.21.5
880 silly packumentCache full:https://registry.npmjs.org/@esbuild%2flinux-s390x cache-miss
881 http fetch GET 200 https://registry.npmjs.org/@esbuild%2fandroid-arm 363ms (cache miss)
882 silly packumentCache full:https://registry.npmjs.org/@esbuild%2fandroid-arm set size:undefined disposed:false
883 silly fetch manifest @esbuild/openbsd-x64@0.21.5
884 silly packumentCache full:https://registry.npmjs.org/@esbuild%2fopenbsd-x64 cache-miss
885 http fetch GET 200 https://registry.npmjs.org/@esbuild%2fandroid-x64 329ms (cache miss)
886 silly packumentCache full:https://registry.npmjs.org/@esbuild%2fandroid-x64 set size:undefined disposed:false
887 silly fetch manifest @esbuild/win32-arm64@0.21.5
888 silly packumentCache full:https://registry.npmjs.org/@esbuild%2fwin32-arm64 cache-miss
889 http fetch GET 200 https://registry.npmjs.org/@esbuild%2fdarwin-x64 699ms (cache miss)
890 silly packumentCache full:https://registry.npmjs.org/@esbuild%2fdarwin-x64 set size:undefined disposed:false
891 silly fetch manifest @esbuild/darwin-arm64@0.21.5
892 silly packumentCache full:https://registry.npmjs.org/@esbuild%2fdarwin-arm64 cache-miss
893 http fetch GET 200 https://registry.npmjs.org/@esbuild%2fopenbsd-x64 124ms (cache miss)
894 silly packumentCache full:https://registry.npmjs.org/@esbuild%2fopenbsd-x64 set size:undefined disposed:false
895 silly fetch manifest @esbuild/android-arm64@0.21.5
896 silly packumentCache full:https://registry.npmjs.org/@esbuild%2fandroid-arm64 cache-miss
897 http fetch GET 200 https://registry.npmjs.org/@esbuild%2ffreebsd-x64 384ms (cache miss)
898 silly packumentCache full:https://registry.npmjs.org/@esbuild%2ffreebsd-x64 set size:undefined disposed:false
899 silly fetch manifest @esbuild/freebsd-arm64@0.21.5
900 silly packumentCache full:https://registry.npmjs.org/@esbuild%2ffreebsd-arm64 cache-miss
901 http fetch GET 200 https://registry.npmjs.org/@esbuild%2fandroid-arm64 119ms (cache miss)
902 silly packumentCache full:https://registry.npmjs.org/@esbuild%2fandroid-arm64 set size:undefined disposed:false
903 silly fetch manifest @esbuild/linux-loong64@0.21.5
904 silly packumentCache full:https://registry.npmjs.org/@esbuild%2flinux-loong64 cache-miss
905 http fetch GET 200 https://registry.npmjs.org/@esbuild%2fwin32-arm64 304ms (cache miss)
906 silly packumentCache full:https://registry.npmjs.org/@esbuild%2fwin32-arm64 set size:undefined disposed:false
907 silly fetch manifest @esbuild/linux-riscv64@0.21.5
908 silly packumentCache full:https://registry.npmjs.org/@esbuild%2flinux-riscv64 cache-miss
909 http fetch GET 200 https://registry.npmjs.org/@esbuild%2fdarwin-arm64 397ms (cache miss)
910 silly packumentCache full:https://registry.npmjs.org/@esbuild%2fdarwin-arm64 set size:undefined disposed:false
911 silly fetch manifest @esbuild/linux-mips64el@0.21.5
912 silly packumentCache full:https://registry.npmjs.org/@esbuild%2flinux-mips64el cache-miss
913 http fetch GET 200 https://registry.npmjs.org/@esbuild%2flinux-ppc64 634ms (cache miss)
914 silly packumentCache full:https://registry.npmjs.org/@esbuild%2flinux-ppc64 set size:undefined disposed:false
915 silly fetch manifest @types/estree@1.0.9
916 silly packumentCache full:https://registry.npmjs.org/@types%2festree cache-miss
917 http fetch GET 200 https://registry.npmjs.org/@esbuild%2ffreebsd-arm64 365ms (cache miss)
918 silly packumentCache full:https://registry.npmjs.org/@esbuild%2ffreebsd-arm64 set size:undefined disposed:false
919 silly fetch manifest @rollup/rollup-darwin-x64@4.63.1
920 silly packumentCache full:https://registry.npmjs.org/@rollup%2frollup-darwin-x64 cache-miss
921 http fetch GET 200 https://registry.npmjs.org/@esbuild%2flinux-s390x 592ms (cache miss)
922 silly packumentCache full:https://registry.npmjs.org/@esbuild%2flinux-s390x set size:undefined disposed:false
923 silly fetch manifest @rollup/rollup-freebsd-x64@4.63.1
924 silly packumentCache full:https://registry.npmjs.org/@rollup%2frollup-freebsd-x64 cache-miss
925 http fetch GET 200 https://registry.npmjs.org/@types%2festree 76ms (cache miss)
926 silly packumentCache full:https://registry.npmjs.org/@types%2festree set size:undefined disposed:false
927 silly fetch manifest @rollup/rollup-openbsd-x64@4.63.1
928 silly packumentCache full:https://registry.npmjs.org/@rollup%2frollup-openbsd-x64 cache-miss
929 http fetch GET 200 https://registry.npmjs.org/@esbuild%2flinux-mips64el 162ms (cache miss)
930 silly packumentCache full:https://registry.npmjs.org/@esbuild%2flinux-mips64el set size:undefined disposed:false
931 silly fetch manifest @napi-rs/lzma-linux-x64-gnu@1.5.1
932 silly packumentCache full:https://registry.npmjs.org/@napi-rs%2flzma-linux-x64-gnu cache-miss
933 http fetch GET 200 https://registry.npmjs.org/@esbuild%2flinux-riscv64 340ms (cache miss)
934 silly packumentCache full:https://registry.npmjs.org/@esbuild%2flinux-riscv64 set size:undefined disposed:false
935 silly fetch manifest @rollup/rollup-darwin-arm64@4.63.1
936 silly packumentCache full:https://registry.npmjs.org/@rollup%2frollup-darwin-arm64 cache-miss
937 http fetch GET 200 https://registry.npmjs.org/@rollup%2frollup-freebsd-x64 147ms (cache miss)
938 silly packumentCache full:https://registry.npmjs.org/@rollup%2frollup-freebsd-x64 set size:undefined disposed:false
939 silly fetch manifest @rollup/rollup-android-arm64@4.63.1
940 silly packumentCache full:https://registry.npmjs.org/@rollup%2frollup-android-arm64 cache-miss
941 http fetch GET 200 https://registry.npmjs.org/@esbuild%2flinux-arm64 915ms (cache miss)
942 silly packumentCache full:https://registry.npmjs.org/@esbuild%2flinux-arm64 set size:undefined disposed:false
943 silly fetch manifest @rollup/rollup-freebsd-arm64@4.63.1
944 silly packumentCache full:https://registry.npmjs.org/@rollup%2frollup-freebsd-arm64 cache-miss
945 http fetch GET 200 https://registry.npmjs.org/@rollup%2frollup-android-arm64 159ms (cache miss)
946 silly packumentCache full:https://registry.npmjs.org/@rollup%2frollup-android-arm64 set size:undefined disposed:false
947 silly fetch manifest @rollup/rollup-linux-x64-gnu@4.63.1
948 silly packumentCache full:https://registry.npmjs.org/@rollup%2frollup-linux-x64-gnu cache-miss
949 http fetch GET 200 https://registry.npmjs.org/@napi-rs%2flzma-linux-x64-gnu 417ms (cache miss)
950 silly packumentCache full:https://registry.npmjs.org/@napi-rs%2flzma-linux-x64-gnu set size:undefined disposed:false
951 silly fetch manifest @rollup/rollup-win32-x64-gnu@4.63.1
952 silly packumentCache full:https://registry.npmjs.org/@rollup%2frollup-win32-x64-gnu cache-miss
953 http fetch GET 200 https://registry.npmjs.org/@rollup%2frollup-darwin-arm64 378ms (cache miss)
954 silly packumentCache full:https://registry.npmjs.org/@rollup%2frollup-darwin-arm64 set size:undefined disposed:false
955 silly fetch manifest @rollup/rollup-linux-x64-musl@4.63.1
956 silly packumentCache full:https://registry.npmjs.org/@rollup%2frollup-linux-x64-musl cache-miss
957 http fetch GET 200 https://registry.npmjs.org/@rollup%2frollup-freebsd-arm64 312ms (cache miss)
958 silly packumentCache full:https://registry.npmjs.org/@rollup%2frollup-freebsd-arm64 set size:undefined disposed:false
959 silly fetch manifest @rollup/rollup-win32-x64-msvc@4.63.1
960 silly packumentCache full:https://registry.npmjs.org/@rollup%2frollup-win32-x64-msvc cache-miss
961 http fetch GET 200 https://registry.npmjs.org/@rollup%2frollup-darwin-x64 570ms (cache miss)
962 silly packumentCache full:https://registry.npmjs.org/@rollup%2frollup-darwin-x64 set size:undefined disposed:false
963 silly fetch manifest @rollup/rollup-linux-arm64-gnu@4.63.1
964 silly packumentCache full:https://registry.npmjs.org/@rollup%2frollup-linux-arm64-gnu cache-miss
965 http fetch GET 200 https://registry.npmjs.org/@esbuild%2flinux-loong64 846ms (cache miss)
966 silly packumentCache full:https://registry.npmjs.org/@esbuild%2flinux-loong64 set size:undefined disposed:false
967 silly fetch manifest @rollup/rollup-linux-ppc64-gnu@4.63.1
968 silly packumentCache full:https://registry.npmjs.org/@rollup%2frollup-linux-ppc64-gnu cache-miss
969 http fetch GET 200 https://registry.npmjs.org/@rollup%2frollup-openbsd-x64 566ms (cache miss)
970 silly packumentCache full:https://registry.npmjs.org/@rollup%2frollup-openbsd-x64 set size:undefined disposed:false
971 silly fetch manifest @rollup/rollup-linux-s390x-gnu@4.63.1
972 silly packumentCache full:https://registry.npmjs.org/@rollup%2frollup-linux-s390x-gnu cache-miss
973 http fetch GET 200 https://registry.npmjs.org/@rollup%2frollup-linux-x64-gnu 323ms (cache miss)
974 silly packumentCache full:https://registry.npmjs.org/@rollup%2frollup-linux-x64-gnu set size:undefined disposed:false
975 silly fetch manifest @rollup/rollup-win32-ia32-msvc@4.63.1
976 silly packumentCache full:https://registry.npmjs.org/@rollup%2frollup-win32-ia32-msvc cache-miss
977 http fetch GET 200 https://registry.npmjs.org/@rollup%2frollup-win32-x64-msvc 203ms (cache miss)
978 silly packumentCache full:https://registry.npmjs.org/@rollup%2frollup-win32-x64-msvc set size:undefined disposed:false
979 silly fetch manifest @rollup/rollup-android-arm-eabi@4.63.1
980 silly packumentCache full:https://registry.npmjs.org/@rollup%2frollup-android-arm-eabi cache-miss
981 http fetch GET 200 https://registry.npmjs.org/@rollup%2frollup-win32-x64-gnu 287ms (cache miss)
982 silly packumentCache full:https://registry.npmjs.org/@rollup%2frollup-win32-x64-gnu set size:undefined disposed:false
983 silly fetch manifest @rollup/rollup-linux-arm64-musl@4.63.1
984 silly packumentCache full:https://registry.npmjs.org/@rollup%2frollup-linux-arm64-musl cache-miss
985 http fetch GET 200 https://registry.npmjs.org/@rollup%2frollup-linux-ppc64-gnu 345ms (cache miss)
986 silly packumentCache full:https://registry.npmjs.org/@rollup%2frollup-linux-ppc64-gnu set size:undefined disposed:false
987 silly fetch manifest @rollup/rollup-linux-ppc64-musl@4.63.1
988 silly packumentCache full:https://registry.npmjs.org/@rollup%2frollup-linux-ppc64-musl cache-miss
989 http fetch GET 200 https://registry.npmjs.org/@rollup%2frollup-linux-x64-musl 405ms (cache miss)
990 silly packumentCache full:https://registry.npmjs.org/@rollup%2frollup-linux-x64-musl set size:undefined disposed:false
991 silly fetch manifest @rollup/rollup-win32-arm64-msvc@4.63.1
992 silly packumentCache full:https://registry.npmjs.org/@rollup%2frollup-win32-arm64-msvc cache-miss
993 http fetch GET 200 https://registry.npmjs.org/@rollup%2frollup-linux-arm64-gnu 407ms (cache miss)
994 silly packumentCache full:https://registry.npmjs.org/@rollup%2frollup-linux-arm64-gnu set size:undefined disposed:false
995 silly fetch manifest @rollup/rollup-linux-loong64-gnu@4.63.1
996 silly packumentCache full:https://registry.npmjs.org/@rollup%2frollup-linux-loong64-gnu cache-miss
997 http fetch GET 200 https://registry.npmjs.org/@rollup%2frollup-android-arm-eabi 227ms (cache miss)
998 silly packumentCache full:https://registry.npmjs.org/@rollup%2frollup-android-arm-eabi set size:undefined disposed:false
999 silly fetch manifest @rollup/rollup-linux-riscv64-gnu@4.63.1
1000 silly packumentCache full:https://registry.npmjs.org/@rollup%2frollup-linux-riscv64-gnu cache-miss
1001 http fetch GET 200 https://registry.npmjs.org/@rollup%2frollup-win32-ia32-msvc 424ms (cache miss)
1002 silly packumentCache full:https://registry.npmjs.org/@rollup%2frollup-win32-ia32-msvc set size:undefined disposed:false
1003 silly fetch manifest @rollup/rollup-openharmony-arm64@4.63.1
1004 silly packumentCache full:https://registry.npmjs.org/@rollup%2frollup-openharmony-arm64 cache-miss
1005 http fetch GET 200 https://registry.npmjs.org/@rollup%2frollup-linux-riscv64-gnu 143ms (cache miss)
1006 silly packumentCache full:https://registry.npmjs.org/@rollup%2frollup-linux-riscv64-gnu set size:undefined disposed:false
1007 silly fetch manifest @rollup/rollup-linux-loong64-musl@4.63.1
1008 silly packumentCache full:https://registry.npmjs.org/@rollup%2frollup-linux-loong64-musl cache-miss
1009 http fetch GET 200 https://registry.npmjs.org/@rollup%2frollup-linux-s390x-gnu 587ms (cache miss)
1010 silly packumentCache full:https://registry.npmjs.org/@rollup%2frollup-linux-s390x-gnu set size:undefined disposed:false
1011 silly fetch manifest @rollup/rollup-linux-riscv64-musl@4.63.1
1012 silly packumentCache full:https://registry.npmjs.org/@rollup%2frollup-linux-riscv64-musl cache-miss
1013 http fetch GET 200 https://registry.npmjs.org/@rollup%2frollup-linux-loong64-musl 92ms (cache miss)
1014 silly packumentCache full:https://registry.npmjs.org/@rollup%2frollup-linux-loong64-musl set size:undefined disposed:false
1015 silly fetch manifest @rollup/rollup-linux-arm-gnueabihf@4.63.1
1016 silly packumentCache full:https://registry.npmjs.org/@rollup%2frollup-linux-arm-gnueabihf cache-miss
1017 http fetch GET 200 https://registry.npmjs.org/@rollup%2frollup-linux-riscv64-musl 93ms (cache miss)
1018 silly packumentCache full:https://registry.npmjs.org/@rollup%2frollup-linux-riscv64-musl set size:undefined disposed:false
1019 silly fetch manifest @rollup/rollup-linux-arm-musleabihf@4.63.1
1020 silly packumentCache full:https://registry.npmjs.org/@rollup%2frollup-linux-arm-musleabihf cache-miss
1021 http fetch GET 200 https://registry.npmjs.org/@rollup%2frollup-openharmony-arm64 367ms (cache miss)
1022 silly packumentCache full:https://registry.npmjs.org/@rollup%2frollup-openharmony-arm64 set size:undefined disposed:false
1023 http fetch GET 200 https://registry.npmjs.org/@rollup%2frollup-linux-arm-musleabihf 137ms (cache miss)
1024 silly packumentCache full:https://registry.npmjs.org/@rollup%2frollup-linux-arm-musleabihf set size:undefined disposed:false
1025 http fetch GET 200 https://registry.npmjs.org/@rollup%2frollup-linux-arm64-musl 666ms (cache miss)
1026 silly packumentCache full:https://registry.npmjs.org/@rollup%2frollup-linux-arm64-musl set size:undefined disposed:false
1027 http fetch GET 200 https://registry.npmjs.org/@rollup%2frollup-linux-ppc64-musl 628ms (cache miss)
1028 silly packumentCache full:https://registry.npmjs.org/@rollup%2frollup-linux-ppc64-musl set size:undefined disposed:false
1029 http fetch GET 200 https://registry.npmjs.org/@rollup%2frollup-win32-arm64-msvc 619ms (cache miss)
1030 silly packumentCache full:https://registry.npmjs.org/@rollup%2frollup-win32-arm64-msvc set size:undefined disposed:false
1031 http fetch GET 200 https://registry.npmjs.org/@rollup%2frollup-linux-loong64-gnu 610ms (cache miss)
1032 silly packumentCache full:https://registry.npmjs.org/@rollup%2frollup-linux-loong64-gnu set size:undefined disposed:false
1033 http fetch GET 200 https://registry.npmjs.org/@rollup%2frollup-linux-arm-gnueabihf 363ms (cache miss)
1034 silly packumentCache full:https://registry.npmjs.org/@rollup%2frollup-linux-arm-gnueabihf set size:undefined disposed:false
1035 silly placeDep ROOT @esbuild/aix-ppc64@0.21.5 OK for: esbuild@0.21.5 want: 0.21.5
1036 silly placeDep ROOT @esbuild/android-arm@0.21.5 OK for: esbuild@0.21.5 want: 0.21.5
1037 silly placeDep ROOT @esbuild/android-arm64@0.21.5 OK for: esbuild@0.21.5 want: 0.21.5
1038 silly placeDep ROOT @esbuild/android-x64@0.21.5 OK for: esbuild@0.21.5 want: 0.21.5
1039 silly placeDep ROOT @esbuild/darwin-arm64@0.21.5 OK for: esbuild@0.21.5 want: 0.21.5
1040 silly placeDep ROOT @esbuild/darwin-x64@0.21.5 OK for: esbuild@0.21.5 want: 0.21.5
1041 silly placeDep ROOT @esbuild/freebsd-arm64@0.21.5 OK for: esbuild@0.21.5 want: 0.21.5
1042 silly placeDep ROOT @esbuild/freebsd-x64@0.21.5 OK for: esbuild@0.21.5 want: 0.21.5
1043 silly placeDep ROOT @esbuild/linux-arm@0.21.5 OK for: esbuild@0.21.5 want: 0.21.5
1044 silly placeDep ROOT @esbuild/linux-arm64@0.21.5 OK for: esbuild@0.21.5 want: 0.21.5
1045 silly placeDep ROOT @esbuild/linux-ia32@0.21.5 OK for: esbuild@0.21.5 want: 0.21.5
1046 silly placeDep ROOT @esbuild/linux-loong64@0.21.5 OK for: esbuild@0.21.5 want: 0.21.5
1047 silly placeDep ROOT @esbuild/linux-mips64el@0.21.5 OK for: esbuild@0.21.5 want: 0.21.5
1048 silly placeDep ROOT @esbuild/linux-ppc64@0.21.5 OK for: esbuild@0.21.5 want: 0.21.5
1049 silly placeDep ROOT @esbuild/linux-riscv64@0.21.5 OK for: esbuild@0.21.5 want: 0.21.5
1050 silly placeDep ROOT @esbuild/linux-s390x@0.21.5 OK for: esbuild@0.21.5 want: 0.21.5
1051 silly placeDep ROOT @esbuild/linux-x64@0.21.5 OK for: esbuild@0.21.5 want: 0.21.5
1052 silly placeDep ROOT @esbuild/netbsd-x64@0.21.5 OK for: esbuild@0.21.5 want: 0.21.5
1053 silly placeDep ROOT @esbuild/openbsd-x64@0.21.5 OK for: esbuild@0.21.5 want: 0.21.5
1054 silly placeDep ROOT @esbuild/sunos-x64@0.21.5 OK for: esbuild@0.21.5 want: 0.21.5
1055 silly placeDep ROOT @esbuild/win32-arm64@0.21.5 OK for: esbuild@0.21.5 want: 0.21.5
1056 silly placeDep ROOT @esbuild/win32-ia32@0.21.5 OK for: esbuild@0.21.5 want: 0.21.5
1057 silly placeDep ROOT @esbuild/win32-x64@0.21.5 OK for: esbuild@0.21.5 want: 0.21.5
1058 silly placeDep ROOT @napi-rs/lzma-linux-x64-gnu@1.5.1 OK for: rollup@4.63.1 want: 1.5.1
1059 silly placeDep ROOT @rollup/rollup-android-arm-eabi@4.63.1 OK for: rollup@4.63.1 want: 4.63.1
1060 silly placeDep ROOT @rollup/rollup-android-arm64@4.63.1 OK for: rollup@4.63.1 want: 4.63.1
1061 silly placeDep ROOT @rollup/rollup-darwin-arm64@4.63.1 OK for: rollup@4.63.1 want: 4.63.1
1062 silly placeDep ROOT @rollup/rollup-darwin-x64@4.63.1 OK for: rollup@4.63.1 want: 4.63.1
1063 silly placeDep ROOT @rollup/rollup-freebsd-arm64@4.63.1 OK for: rollup@4.63.1 want: 4.63.1
1064 silly placeDep ROOT @rollup/rollup-freebsd-x64@4.63.1 OK for: rollup@4.63.1 want: 4.63.1
1065 silly placeDep ROOT @rollup/rollup-linux-arm-gnueabihf@4.63.1 OK for: rollup@4.63.1 want: 4.63.1
1066 silly placeDep ROOT @rollup/rollup-linux-arm-musleabihf@4.63.1 OK for: rollup@4.63.1 want: 4.63.1
1067 silly placeDep ROOT @rollup/rollup-linux-arm64-gnu@4.63.1 OK for: rollup@4.63.1 want: 4.63.1
1068 silly placeDep ROOT @rollup/rollup-linux-arm64-musl@4.63.1 OK for: rollup@4.63.1 want: 4.63.1
1069 silly placeDep ROOT @rollup/rollup-linux-loong64-gnu@4.63.1 OK for: rollup@4.63.1 want: 4.63.1
1070 silly placeDep ROOT @rollup/rollup-linux-loong64-musl@4.63.1 OK for: rollup@4.63.1 want: 4.63.1
1071 silly placeDep ROOT @rollup/rollup-linux-ppc64-gnu@4.63.1 OK for: rollup@4.63.1 want: 4.63.1
1072 silly placeDep ROOT @rollup/rollup-linux-ppc64-musl@4.63.1 OK for: rollup@4.63.1 want: 4.63.1
1073 silly placeDep ROOT @rollup/rollup-linux-riscv64-gnu@4.63.1 OK for: rollup@4.63.1 want: 4.63.1
1074 silly placeDep ROOT @rollup/rollup-linux-riscv64-musl@4.63.1 OK for: rollup@4.63.1 want: 4.63.1
1075 silly placeDep ROOT @rollup/rollup-linux-s390x-gnu@4.63.1 OK for: rollup@4.63.1 want: 4.63.1
1076 silly placeDep ROOT @rollup/rollup-linux-x64-gnu@4.63.1 OK for: rollup@4.63.1 want: 4.63.1
1077 silly placeDep ROOT @rollup/rollup-linux-x64-musl@4.63.1 OK for: rollup@4.63.1 want: 4.63.1
1078 silly placeDep ROOT @rollup/rollup-openbsd-x64@4.63.1 OK for: rollup@4.63.1 want: 4.63.1
1079 silly placeDep ROOT @rollup/rollup-openharmony-arm64@4.63.1 OK for: rollup@4.63.1 want: 4.63.1
1080 silly placeDep ROOT @rollup/rollup-win32-arm64-msvc@4.63.1 OK for: rollup@4.63.1 want: 4.63.1
1081 silly placeDep ROOT @rollup/rollup-win32-ia32-msvc@4.63.1 OK for: rollup@4.63.1 want: 4.63.1
1082 silly placeDep ROOT @rollup/rollup-win32-x64-gnu@4.63.1 OK for: rollup@4.63.1 want: 4.63.1
1083 silly placeDep ROOT @rollup/rollup-win32-x64-msvc@4.63.1 OK for: rollup@4.63.1 want: 4.63.1
1084 silly placeDep ROOT @types/estree@1.0.9 OK for: rollup@4.63.1 want: 1.0.9
1085 silly placeDep ROOT adler-32@1.3.1 OK for: xlsx@0.18.5 want: ~1.3.0
1086 silly placeDep ROOT cfb@1.2.2 OK for: xlsx@0.18.5 want: ~1.2.1
1087 silly placeDep ROOT codepage@1.15.0 OK for: xlsx@0.18.5 want: ~1.15.0
1088 silly placeDep ROOT crc-32@1.2.2 OK for: xlsx@0.18.5 want: ~1.2.1
1089 silly placeDep ROOT ssf@0.11.2 OK for: xlsx@0.18.5 want: ~0.11.2
1090 silly placeDep ROOT wmf@1.0.2 OK for: xlsx@0.18.5 want: ~1.0.1
1091 silly placeDep ROOT word@0.3.0 OK for: xlsx@0.18.5 want: ~0.3.0
1092 silly fetch manifest crc-32@~1.2.0
1093 silly packumentCache full:https://registry.npmjs.org/crc-32 cache-miss
1094 silly fetch manifest frac@~1.1.2
1095 silly packumentCache full:https://registry.npmjs.org/frac cache-miss
1096 http cache https://registry.npmjs.org/crc-32 12ms (cache hit)
1097 silly packumentCache full:https://registry.npmjs.org/crc-32 set size:32170 disposed:false
1098 http fetch GET 200 https://registry.npmjs.org/frac 359ms (cache miss)
1099 silly packumentCache full:https://registry.npmjs.org/frac set size:undefined disposed:false
1100 silly placeDep ROOT frac@1.1.2 OK for: ssf@0.11.2 want: ~1.1.2
1101 silly reify moves {}
1102 silly audit bulk request {
1102 silly audit   '@types/react': [ '18.3.31' ],
1102 silly audit   '@types/react-dom': [ '18.3.7' ],
1102 silly audit   '@vitejs/plugin-react': [ '4.7.0' ],
1102 silly audit   vite: [ '5.4.21' ],
1102 silly audit   autoprefixer: [ '10.5.5' ],
1102 silly audit   postcss: [ '8.5.28' ],
1102 silly audit   'chart.js': [ '4.5.1' ],
1102 silly audit   react: [ '18.3.1' ],
1102 silly audit   'react-dom': [ '18.3.1' ],
1102 silly audit   'react-icons': [ '5.7.0' ],
1102 silly audit   tailwindcss: [ '3.4.19' ],
1102 silly audit   typescript: [ '5.9.3' ],
1102 silly audit   xlsx: [ '0.18.5' ],
1102 silly audit   '@types/prop-types': [ '15.7.15' ],
1102 silly audit   csstype: [ '3.2.3' ],
1102 silly audit   '@babel/core': [ '7.29.7' ],
1102 silly audit   '@babel/plugin-transform-react-jsx-self': [ '7.29.7' ],
1102 silly audit   '@babel/plugin-transform-react-jsx-source': [ '7.29.7' ],
1102 silly audit   '@rolldown/pluginutils': [ '1.0.0-beta.27' ],
1102 silly audit   '@types/babel__core': [ '7.20.5' ],
1102 silly audit   'react-refresh': [ '0.17.0' ],
1102 silly audit   '@babel/code-frame': [ '7.29.7' ],
1102 silly audit   '@babel/generator': [ '7.29.8' ],
1102 silly audit   '@babel/helper-compilation-targets': [ '7.29.7' ],
1102 silly audit   '@babel/helper-module-transforms': [ '7.29.7' ],
1102 silly audit   '@babel/helpers': [ '7.29.7' ],
1102 silly audit   '@babel/parser': [ '7.29.8' ],
1102 silly audit   '@babel/template': [ '7.29.7' ],
1102 silly audit   '@babel/traverse': [ '7.29.8' ],
1102 silly audit   '@babel/types': [ '7.29.8' ],
1102 silly audit   '@jridgewell/remapping': [ '2.3.5' ],
1102 silly audit   'convert-source-map': [ '2.0.0' ],
1102 silly audit   debug: [ '4.4.3' ],
1102 silly audit   gensync: [ '1.0.0-beta.2' ],
1102 silly audit   json5: [ '2.2.3' ],
1102 silly audit   semver: [ '6.3.1' ],
1102 silly audit   '@babel/helper-validator-identifier': [ '7.29.7' ],
1102 silly audit   'js-tokens': [ '4.0.0' ],
1102 silly audit   picocolors: [ '1.1.1' ],
1102 silly audit   '@jridgewell/gen-mapping': [ '0.3.13' ],
1102 silly audit   '@jridgewell/trace-mapping': [ '0.3.31' ],
1102 silly audit   jsesc: [ '3.1.0' ],
1102 silly audit   '@babel/compat-data': [ '7.29.7' ],
1102 silly audit   '@babel/helper-validator-option': [ '7.29.7' ],
1102 silly audit   browserslist: [ '4.28.9' ],
1102 silly audit   'lru-cache': [ '5.1.1' ],
1102 silly audit   '@babel/helper-module-imports': [ '7.29.7' ],
1102 silly audit   '@babel/helper-plugin-utils': [ '7.29.7' ],
1102 silly audit   '@babel/helper-globals': [ '7.29.7' ],
1102 silly audit   '@babel/helper-string-parser': [ '7.29.7' ],
1102 silly audit   '@jridgewell/sourcemap-codec': [ '1.6.0' ],
1102 silly audit   '@jridgewell/resolve-uri': [ '3.1.2' ],
1102 silly audit   '@types/babel__generator': [ '7.27.0' ],
1102 silly audit   '@types/babel__template': [ '7.4.4' ],
1102 silly audit   '@types/babel__traverse': [ '7.28.0' ],
1102 silly audit   'caniuse-lite': [ '1.0.30001810' ],
1102 silly audit   'fraction.js': [ '5.3.4' ],
1102 silly audit   'postcss-value-parser': [ '4.2.0' ],
1102 silly audit   'baseline-browser-mapping': [ '2.11.21' ],
1102 silly audit   'electron-to-chromium': [ '1.5.422' ],
1102 silly audit   'node-releases': [ '2.0.54' ],
1102 silly audit   'update-browserslist-db': [ '1.3.2' ],
1102 silly audit   '@kurkle/color': [ '0.3.4' ],
1102 silly audit   ms: [ '2.1.3' ],
1102 silly audit   yallist: [ '3.1.1' ],
1102 silly audit   nanoid: [ '3.3.18' ],
1102 silly audit   'source-map-js': [ '1.2.1' ],
1102 silly audit   'loose-envify': [ '1.4.0' ],
1102 silly audit   scheduler: [ '0.23.2' ],
1102 silly audit   '@alloc/quick-lru': [ '5.3.0' ],
1102 silly audit   arg: [ '5.0.2' ],
1102 silly audit   chokidar: [ '3.6.0' ],
1102 silly audit   didyoumean: [ '1.2.2' ],
1102 silly audit   dlv: [ '1.1.3' ],
1102 silly audit   'fast-glob': [ '3.3.3' ],
1102 silly audit   'glob-parent': [ '6.0.2', '5.1.2' ],
1102 silly audit   'is-glob': [ '4.0.3' ],
1102 silly audit   jiti: [ '1.21.7' ],
1102 silly audit   lilconfig: [ '3.1.3' ],
1102 silly audit   micromatch: [ '4.0.8' ],
1102 silly audit   'normalize-path': [ '3.0.0' ],
1102 silly audit   'object-hash': [ '3.0.0' ],
1102 silly audit   'postcss-import': [ '15.1.0' ],
1102 silly audit   'postcss-js': [ '4.1.0' ],
1102 silly audit   'postcss-load-config': [ '6.0.1' ],
1102 silly audit   'postcss-nested': [ '6.2.0' ],
1102 silly audit   'postcss-selector-parser': [ '6.1.4' ],
1102 silly audit   resolve: [ '1.22.12' ],
1102 silly audit   sucrase: [ '3.35.1' ],
1102 silly audit   anymatch: [ '3.1.3' ],
1102 silly audit   braces: [ '3.0.3' ],
1102 silly audit   fsevents: [ '2.3.3' ],
1102 silly audit   'is-binary-path': [ '2.1.0' ],
1102 silly audit   readdirp: [ '3.6.0' ],
1102 silly audit   picomatch: [ '2.3.2', '4.0.7' ],
1102 silly audit   'fill-range': [ '7.1.1' ],
1102 silly audit   '@nodelib/fs.stat': [ '2.0.5' ],
1102 silly audit   '@nodelib/fs.walk': [ '1.2.8' ],
1102 silly audit   merge2: [ '1.4.1' ],
1102 silly audit   '@nodelib/fs.scandir': [ '2.1.5' ],
1102 silly audit   fastq: [ '1.20.3' ],
1102 silly audit   'run-parallel': [ '1.2.0' ],
1102 silly audit   reusify: [ '1.1.0' ],
1102 silly audit   'to-regex-range': [ '5.0.1' ],
1102 silly audit   'binary-extensions': [ '2.3.0' ],
1102 silly audit   'is-extglob': [ '2.1.1' ],
1102 silly audit   'read-cache': [ '1.0.2' ],
1102 silly audit   'camelcase-css': [ '2.0.1' ],
1102 silly audit   cssesc: [ '3.0.0' ],
1102 silly audit   'util-deprecate': [ '1.0.2' ],
1102 silly audit   'es-errors': [ '1.3.0' ],
1102 silly audit   'is-core-module': [ '2.16.2' ],
1102 silly audit   'path-parse': [ '1.0.7' ],
1102 silly audit   'supports-preserve-symlinks-flag': [ '1.0.0' ],
1102 silly audit   hasown: [ '2.0.4' ],
1102 silly audit   'function-bind': [ '1.1.2' ],
1102 silly audit   'queue-microtask': [ '1.2.3' ],
1102 silly audit   commander: [ '4.1.1' ],
1102 silly audit   'lines-and-columns': [ '1.2.4' ],
1102 silly audit   mz: [ '2.7.0' ],
1102 silly audit   pirates: [ '4.0.7' ],
1102 silly audit   tinyglobby: [ '0.2.17' ],
1102 silly audit   'ts-interface-checker': [ '0.1.13' ],
1102 silly audit   'any-promise': [ '1.3.0' ],
1102 silly audit   'object-assign': [ '4.1.1' ],
1102 silly audit   'thenify-all': [ '1.6.0' ],
1102 silly audit   thenify: [ '3.3.1' ],
1102 silly audit   fdir: [ '6.5.0' ],
1102 silly audit   'is-number': [ '7.0.0' ],
1102 silly audit   escalade: [ '3.2.0' ],
1102 silly audit   esbuild: [ '0.21.5' ],
1102 silly audit   rollup: [ '4.63.1' ],
1102 silly audit   '@esbuild/aix-ppc64': [ '0.21.5' ],
1102 silly audit   '@esbuild/android-arm': [ '0.21.5' ],
1102 silly audit   '@esbuild/android-arm64': [ '0.21.5' ],
1102 silly audit   '@esbuild/android-x64': [ '0.21.5' ],
1102 silly audit   '@esbuild/darwin-arm64': [ '0.21.5' ],
1102 silly audit   '@esbuild/darwin-x64': [ '0.21.5' ],
1102 silly audit   '@esbuild/freebsd-arm64': [ '0.21.5' ],
1102 silly audit   '@esbuild/freebsd-x64': [ '0.21.5' ],
1102 silly audit   '@esbuild/linux-arm': [ '0.21.5' ],
1102 silly audit   '@esbuild/linux-arm64': [ '0.21.5' ],
1102 silly audit   '@esbuild/linux-ia32': [ '0.21.5' ],
1102 silly audit   '@esbuild/linux-loong64': [ '0.21.5' ],
1102 silly audit   '@esbuild/linux-mips64el': [ '0.21.5' ],
1102 silly audit   '@esbuild/linux-ppc64': [ '0.21.5' ],
1102 silly audit   '@esbuild/linux-riscv64': [ '0.21.5' ],
1102 silly audit   '@esbuild/linux-s390x': [ '0.21.5' ],
1102 silly audit   '@esbuild/linux-x64': [ '0.21.5' ],
1102 silly audit   '@esbuild/netbsd-x64': [ '0.21.5' ],
1102 silly audit   '@esbuild/openbsd-x64': [ '0.21.5' ],
1102 silly audit   '@esbuild/sunos-x64': [ '0.21.5' ],
1102 silly audit   '@esbuild/win32-arm64': [ '0.21.5' ],
1102 silly audit   '@esbuild/win32-ia32': [ '0.21.5' ],
1102 silly audit   '@esbuild/win32-x64': [ '0.21.5' ],
1102 silly audit   '@napi-rs/lzma-linux-x64-gnu': [ '1.5.1' ],
1102 silly audit   '@rollup/rollup-android-arm-eabi': [ '4.63.1' ],
1102 silly audit   '@rollup/rollup-android-arm64': [ '4.63.1' ],
1102 silly audit   '@rollup/rollup-darwin-arm64': [ '4.63.1' ],
1102 silly audit   '@rollup/rollup-darwin-x64': [ '4.63.1' ],
1102 silly audit   '@rollup/rollup-freebsd-arm64': [ '4.63.1' ],
1102 silly audit   '@rollup/rollup-freebsd-x64': [ '4.63.1' ],
1102 silly audit   '@rollup/rollup-linux-arm-gnueabihf': [ '4.63.1' ],
1102 silly audit   '@rollup/rollup-linux-arm-musleabihf': [ '4.63.1' ],
1102 silly audit   '@rollup/rollup-linux-arm64-gnu': [ '4.63.1' ],
1102 silly audit   '@rollup/rollup-linux-arm64-musl': [ '4.63.1' ],
1102 silly audit   '@rollup/rollup-linux-loong64-gnu': [ '4.63.1' ],
1102 silly audit   '@rollup/rollup-linux-loong64-musl': [ '4.63.1' ],
1102 silly audit   '@rollup/rollup-linux-ppc64-gnu': [ '4.63.1' ],
1102 silly audit   '@rollup/rollup-linux-ppc64-musl': [ '4.63.1' ],
1102 silly audit   '@rollup/rollup-linux-riscv64-gnu': [ '4.63.1' ],
1102 silly audit   '@rollup/rollup-linux-riscv64-musl': [ '4.63.1' ],
1102 silly audit   '@rollup/rollup-linux-s390x-gnu': [ '4.63.1' ],
1102 silly audit   '@rollup/rollup-linux-x64-gnu': [ '4.63.1' ],
1102 silly audit   '@rollup/rollup-linux-x64-musl': [ '4.63.1' ],
1102 silly audit   '@rollup/rollup-openbsd-x64': [ '4.63.1' ],
1102 silly audit   '@rollup/rollup-openharmony-arm64': [ '4.63.1' ],
1102 silly audit   '@rollup/rollup-win32-arm64-msvc': [ '4.63.1' ],
1102 silly audit   '@rollup/rollup-win32-ia32-msvc': [ '4.63.1' ],
1102 silly audit   '@rollup/rollup-win32-x64-gnu': [ '4.63.1' ],
1102 silly audit   '@rollup/rollup-win32-x64-msvc': [ '4.63.1' ],
1102 silly audit   '@types/estree': [ '1.0.9' ],
1102 silly audit   'adler-32': [ '1.3.1' ],
1102 silly audit   cfb: [ '1.2.2' ],
1102 silly audit   codepage: [ '1.15.0' ],
1102 silly audit   'crc-32': [ '1.2.2' ],
1102 silly audit   ssf: [ '0.11.2' ],
1102 silly audit   wmf: [ '1.0.2' ],
1102 silly audit   word: [ '0.3.0' ],
1102 silly audit   frac: [ '1.1.2' ]
1102 silly audit }
1103 http cache frac@https://registry.npmjs.org/frac/-/frac-1.1.2.tgz 0ms (cache hit)
1104 http cache word@https://registry.npmjs.org/word/-/word-0.3.0.tgz 0ms (cache hit)
1105 http cache wmf@https://registry.npmjs.org/wmf/-/wmf-1.0.2.tgz 0ms (cache hit)
1106 http cache ssf@https://registry.npmjs.org/ssf/-/ssf-0.11.2.tgz 0ms (cache hit)
1107 http cache cfb@https://registry.npmjs.org/cfb/-/cfb-1.2.2.tgz 0ms (cache hit)
1108 http cache crc-32@https://registry.npmjs.org/crc-32/-/crc-32-1.2.2.tgz 0ms (cache hit)
1109 http cache codepage@https://registry.npmjs.org/codepage/-/codepage-1.15.0.tgz 0ms (cache hit)
1110 http cache adler-32@https://registry.npmjs.org/adler-32/-/adler-32-1.3.1.tgz 0ms (cache hit)
1111 http cache @types/estree@https://registry.npmjs.org/@types/estree/-/estree-1.0.9.tgz 0ms (cache hit)
1112 http cache @esbuild/win32-x64@https://registry.npmjs.org/@esbuild/win32-x64/-/win32-x64-0.21.5.tgz 0ms (cache hit)
1113 http cache @rollup/rollup-win32-x64-gnu@https://registry.npmjs.org/@rollup/rollup-win32-x64-gnu/-/rollup-win32-x64-gnu-4.63.1.tgz 0ms (cache hit)
1114 http cache @rollup/rollup-win32-x64-msvc@https://registry.npmjs.org/@rollup/rollup-win32-x64-msvc/-/rollup-win32-x64-msvc-4.63.1.tgz 0ms (cache hit)
1115 http cache rollup@https://registry.npmjs.org/rollup/-/rollup-4.63.1.tgz 0ms (cache hit)
1116 http cache esbuild@https://registry.npmjs.org/esbuild/-/esbuild-0.21.5.tgz 0ms (cache hit)
1117 http cache escalade@https://registry.npmjs.org/escalade/-/escalade-3.2.0.tgz 0ms (cache hit)
1118 http cache thenify@https://registry.npmjs.org/thenify/-/thenify-3.3.1.tgz 0ms (cache hit)
1119 http cache is-number@https://registry.npmjs.org/is-number/-/is-number-7.0.0.tgz 0ms (cache hit)
1120 http cache object-assign@https://registry.npmjs.org/object-assign/-/object-assign-4.1.1.tgz 0ms (cache hit)
1121 http cache thenify-all@https://registry.npmjs.org/thenify-all/-/thenify-all-1.6.0.tgz 0ms (cache hit)
1122 http cache any-promise@https://registry.npmjs.org/any-promise/-/any-promise-1.3.0.tgz 0ms (cache hit)
1123 http cache tinyglobby@https://registry.npmjs.org/tinyglobby/-/tinyglobby-0.2.17.tgz 0ms (cache hit)
1124 http cache pirates@https://registry.npmjs.org/pirates/-/pirates-4.0.7.tgz 0ms (cache hit)
1125 http cache mz@https://registry.npmjs.org/mz/-/mz-2.7.0.tgz 0ms (cache hit)
1126 http cache ts-interface-checker@https://registry.npmjs.org/ts-interface-checker/-/ts-interface-checker-0.1.13.tgz 0ms (cache hit)
1127 http cache lines-and-columns@https://registry.npmjs.org/lines-and-columns/-/lines-and-columns-1.2.4.tgz 0ms (cache hit)
1128 http cache commander@https://registry.npmjs.org/commander/-/commander-4.1.1.tgz 0ms (cache hit)
1129 http cache queue-microtask@https://registry.npmjs.org/queue-microtask/-/queue-microtask-1.2.3.tgz 0ms (cache hit)
1130 http cache hasown@https://registry.npmjs.org/hasown/-/hasown-2.0.4.tgz 0ms (cache hit)
1131 http cache function-bind@https://registry.npmjs.org/function-bind/-/function-bind-1.1.2.tgz 0ms (cache hit)
1132 http cache supports-preserve-symlinks-flag@https://registry.npmjs.org/supports-preserve-symlinks-flag/-/supports-preserve-symlinks-flag-1.0.0.tgz 0ms (cache hit)
1133 http cache path-parse@https://registry.npmjs.org/path-parse/-/path-parse-1.0.7.tgz 0ms (cache hit)
1134 http cache is-core-module@https://registry.npmjs.org/is-core-module/-/is-core-module-2.16.2.tgz 0ms (cache hit)
1135 http cache util-deprecate@https://registry.npmjs.org/util-deprecate/-/util-deprecate-1.0.2.tgz 0ms (cache hit)
1136 http cache cssesc@https://registry.npmjs.org/cssesc/-/cssesc-3.0.0.tgz 0ms (cache hit)
1137 http cache es-errors@https://registry.npmjs.org/es-errors/-/es-errors-1.3.0.tgz 0ms (cache hit)
1138 http cache camelcase-css@https://registry.npmjs.org/camelcase-css/-/camelcase-css-2.0.1.tgz 0ms (cache hit)
1139 http cache read-cache@https://registry.npmjs.org/read-cache/-/read-cache-1.0.2.tgz 1ms (cache hit)
1140 http cache is-extglob@https://registry.npmjs.org/is-extglob/-/is-extglob-2.1.1.tgz 0ms (cache hit)
1141 http cache to-regex-range@https://registry.npmjs.org/to-regex-range/-/to-regex-range-5.0.1.tgz 0ms (cache hit)
1142 http cache @nodelib/fs.scandir@https://registry.npmjs.org/@nodelib/fs.scandir/-/fs.scandir-2.1.5.tgz 0ms (cache hit)
1143 http cache binary-extensions@https://registry.npmjs.org/binary-extensions/-/binary-extensions-2.3.0.tgz 0ms (cache hit)
1144 http cache run-parallel@https://registry.npmjs.org/run-parallel/-/run-parallel-1.2.0.tgz 0ms (cache hit)
1145 http cache fastq@https://registry.npmjs.org/fastq/-/fastq-1.20.3.tgz 0ms (cache hit)
1146 http cache reusify@https://registry.npmjs.org/reusify/-/reusify-1.1.0.tgz 0ms (cache hit)
1147 http cache merge2@https://registry.npmjs.org/merge2/-/merge2-1.4.1.tgz 0ms (cache hit)
1148 http cache @nodelib/fs.walk@https://registry.npmjs.org/@nodelib/fs.walk/-/fs.walk-1.2.8.tgz 0ms (cache hit)
1149 http cache @nodelib/fs.stat@https://registry.npmjs.org/@nodelib/fs.stat/-/fs.stat-2.0.5.tgz 0ms (cache hit)
1150 http cache fill-range@https://registry.npmjs.org/fill-range/-/fill-range-7.1.1.tgz 0ms (cache hit)
1151 http cache picomatch@https://registry.npmjs.org/picomatch/-/picomatch-2.3.2.tgz 0ms (cache hit)
1152 http cache is-binary-path@https://registry.npmjs.org/is-binary-path/-/is-binary-path-2.1.0.tgz 0ms (cache hit)
1153 http cache anymatch@https://registry.npmjs.org/anymatch/-/anymatch-3.1.3.tgz 0ms (cache hit)
1154 http cache braces@https://registry.npmjs.org/braces/-/braces-3.0.3.tgz 0ms (cache hit)
1155 http cache readdirp@https://registry.npmjs.org/readdirp/-/readdirp-3.6.0.tgz 0ms (cache hit)
1156 http cache sucrase@https://registry.npmjs.org/sucrase/-/sucrase-3.35.1.tgz 0ms (cache hit)
1157 http cache resolve@https://registry.npmjs.org/resolve/-/resolve-1.22.12.tgz 0ms (cache hit)
1158 http cache postcss-selector-parser@https://registry.npmjs.org/postcss-selector-parser/-/postcss-selector-parser-6.1.4.tgz 0ms (cache hit)
1159 http cache postcss-load-config@https://registry.npmjs.org/postcss-load-config/-/postcss-load-config-6.0.1.tgz 0ms (cache hit)
1160 http cache postcss-js@https://registry.npmjs.org/postcss-js/-/postcss-js-4.1.0.tgz 0ms (cache hit)
1161 http cache postcss-nested@https://registry.npmjs.org/postcss-nested/-/postcss-nested-6.2.0.tgz 0ms (cache hit)
1162 http cache postcss-import@https://registry.npmjs.org/postcss-import/-/postcss-import-15.1.0.tgz 0ms (cache hit)
1163 http cache object-hash@https://registry.npmjs.org/object-hash/-/object-hash-3.0.0.tgz 0ms (cache hit)
1164 http cache micromatch@https://registry.npmjs.org/micromatch/-/micromatch-4.0.8.tgz 0ms (cache hit)
1165 http cache lilconfig@https://registry.npmjs.org/lilconfig/-/lilconfig-3.1.3.tgz 0ms (cache hit)
1166 http cache jiti@https://registry.npmjs.org/jiti/-/jiti-1.21.7.tgz 0ms (cache hit)
1167 http cache normalize-path@https://registry.npmjs.org/normalize-path/-/normalize-path-3.0.0.tgz 0ms (cache hit)
1168 http cache glob-parent@https://registry.npmjs.org/glob-parent/-/glob-parent-6.0.2.tgz 0ms (cache hit)
1169 http cache is-glob@https://registry.npmjs.org/is-glob/-/is-glob-4.0.3.tgz 0ms (cache hit)
1170 http cache fast-glob@https://registry.npmjs.org/fast-glob/-/fast-glob-3.3.3.tgz 0ms (cache hit)
1171 http cache chokidar@https://registry.npmjs.org/chokidar/-/chokidar-3.6.0.tgz 0ms (cache hit)
1172 http cache dlv@https://registry.npmjs.org/dlv/-/dlv-1.1.3.tgz 0ms (cache hit)
1173 http cache arg@https://registry.npmjs.org/arg/-/arg-5.0.2.tgz 0ms (cache hit)
1174 http cache didyoumean@https://registry.npmjs.org/didyoumean/-/didyoumean-1.2.2.tgz 0ms (cache hit)
1175 http cache @alloc/quick-lru@https://registry.npmjs.org/@alloc/quick-lru/-/quick-lru-5.3.0.tgz 0ms (cache hit)
1176 http cache loose-envify@https://registry.npmjs.org/loose-envify/-/loose-envify-1.4.0.tgz 0ms (cache hit)
1177 http cache source-map-js@https://registry.npmjs.org/source-map-js/-/source-map-js-1.2.1.tgz 0ms (cache hit)
1178 http cache nanoid@https://registry.npmjs.org/nanoid/-/nanoid-3.3.18.tgz 0ms (cache hit)
1179 http cache scheduler@https://registry.npmjs.org/scheduler/-/scheduler-0.23.2.tgz 0ms (cache hit)
1180 http cache yallist@https://registry.npmjs.org/yallist/-/yallist-3.1.1.tgz 0ms (cache hit)
1181 http cache ms@https://registry.npmjs.org/ms/-/ms-2.1.3.tgz 0ms (cache hit)
1182 http cache @kurkle/color@https://registry.npmjs.org/@kurkle/color/-/color-0.3.4.tgz 0ms (cache hit)
1183 http cache node-releases@https://registry.npmjs.org/node-releases/-/node-releases-2.0.54.tgz 0ms (cache hit)
1184 http cache update-browserslist-db@https://registry.npmjs.org/update-browserslist-db/-/update-browserslist-db-1.3.2.tgz 0ms (cache hit)
1185 http cache electron-to-chromium@https://registry.npmjs.org/electron-to-chromium/-/electron-to-chromium-1.5.422.tgz 0ms (cache hit)
1186 http cache baseline-browser-mapping@https://registry.npmjs.org/baseline-browser-mapping/-/baseline-browser-mapping-2.11.21.tgz 0ms (cache hit)
1187 http cache postcss-value-parser@https://registry.npmjs.org/postcss-value-parser/-/postcss-value-parser-4.2.0.tgz 0ms (cache hit)
1188 http cache caniuse-lite@https://registry.npmjs.org/caniuse-lite/-/caniuse-lite-1.0.30001810.tgz 0ms (cache hit)
1189 http cache @types/babel__traverse@https://registry.npmjs.org/@types/babel__traverse/-/babel__traverse-7.28.0.tgz 0ms (cache hit)
1190 http cache fraction.js@https://registry.npmjs.org/fraction.js/-/fraction.js-5.3.4.tgz 0ms (cache hit)
1191 http cache @types/babel__template@https://registry.npmjs.org/@types/babel__template/-/babel__template-7.4.4.tgz 0ms (cache hit)
1192 http cache @types/babel__generator@https://registry.npmjs.org/@types/babel__generator/-/babel__generator-7.27.0.tgz 0ms (cache hit)
1193 http cache @jridgewell/resolve-uri@https://registry.npmjs.org/@jridgewell/resolve-uri/-/resolve-uri-3.1.2.tgz 0ms (cache hit)
1194 http cache @babel/helper-string-parser@https://registry.npmjs.org/@babel/helper-string-parser/-/helper-string-parser-7.29.7.tgz 0ms (cache hit)
1195 http cache @babel/helper-globals@https://registry.npmjs.org/@babel/helper-globals/-/helper-globals-7.29.7.tgz 0ms (cache hit)
1196 http cache @jridgewell/sourcemap-codec@https://registry.npmjs.org/@jridgewell/sourcemap-codec/-/sourcemap-codec-1.6.0.tgz 0ms (cache hit)
1197 http cache @babel/helper-plugin-utils@https://registry.npmjs.org/@babel/helper-plugin-utils/-/helper-plugin-utils-7.29.7.tgz 0ms (cache hit)
1198 http cache @babel/helper-module-imports@https://registry.npmjs.org/@babel/helper-module-imports/-/helper-module-imports-7.29.7.tgz 0ms (cache hit)
1199 http cache lru-cache@https://registry.npmjs.org/lru-cache/-/lru-cache-5.1.1.tgz 0ms (cache hit)
1200 http cache @babel/helper-validator-option@https://registry.npmjs.org/@babel/helper-validator-option/-/helper-validator-option-7.29.7.tgz 0ms (cache hit)
1201 http cache @babel/compat-data@https://registry.npmjs.org/@babel/compat-data/-/compat-data-7.29.7.tgz 0ms (cache hit)
1202 http cache browserslist@https://registry.npmjs.org/browserslist/-/browserslist-4.28.9.tgz 0ms (cache hit)
1203 http cache jsesc@https://registry.npmjs.org/jsesc/-/jsesc-3.1.0.tgz 0ms (cache hit)
1204 http cache @jridgewell/trace-mapping@https://registry.npmjs.org/@jridgewell/trace-mapping/-/trace-mapping-0.3.31.tgz 0ms (cache hit)
1205 http cache @jridgewell/gen-mapping@https://registry.npmjs.org/@jridgewell/gen-mapping/-/gen-mapping-0.3.13.tgz 0ms (cache hit)
1206 http cache js-tokens@https://registry.npmjs.org/js-tokens/-/js-tokens-4.0.0.tgz 0ms (cache hit)
1207 http cache semver@https://registry.npmjs.org/semver/-/semver-6.3.1.tgz 0ms (cache hit)
1208 http cache picocolors@https://registry.npmjs.org/picocolors/-/picocolors-1.1.1.tgz 0ms (cache hit)
1209 http cache @babel/helper-validator-identifier@https://registry.npmjs.org/@babel/helper-validator-identifier/-/helper-validator-identifier-7.29.7.tgz 0ms (cache hit)
1210 http cache json5@https://registry.npmjs.org/json5/-/json5-2.2.3.tgz 0ms (cache hit)
1211 http cache debug@https://registry.npmjs.org/debug/-/debug-4.4.3.tgz 0ms (cache hit)
1212 http cache convert-source-map@https://registry.npmjs.org/convert-source-map/-/convert-source-map-2.0.0.tgz 0ms (cache hit)
1213 http cache @jridgewell/remapping@https://registry.npmjs.org/@jridgewell/remapping/-/remapping-2.3.5.tgz 0ms (cache hit)
1214 http cache @babel/types@https://registry.npmjs.org/@babel/types/-/types-7.29.8.tgz 0ms (cache hit)
1215 http cache gensync@https://registry.npmjs.org/gensync/-/gensync-1.0.0-beta.2.tgz 0ms (cache hit)
1216 http cache @babel/traverse@https://registry.npmjs.org/@babel/traverse/-/traverse-7.29.8.tgz 0ms (cache hit)
1217 http cache @babel/template@https://registry.npmjs.org/@babel/template/-/template-7.29.7.tgz 0ms (cache hit)
1218 http cache @babel/parser@https://registry.npmjs.org/@babel/parser/-/parser-7.29.8.tgz 0ms (cache hit)
1219 http cache @babel/helper-module-transforms@https://registry.npmjs.org/@babel/helper-module-transforms/-/helper-module-transforms-7.29.7.tgz 0ms (cache hit)
1220 http cache @babel/helper-compilation-targets@https://registry.npmjs.org/@babel/helper-compilation-targets/-/helper-compilation-targets-7.29.7.tgz 0ms (cache hit)
1221 http cache @babel/helpers@https://registry.npmjs.org/@babel/helpers/-/helpers-7.29.7.tgz 0ms (cache hit)
1222 http cache @babel/generator@https://registry.npmjs.org/@babel/generator/-/generator-7.29.8.tgz 0ms (cache hit)
1223 http cache @babel/code-frame@https://registry.npmjs.org/@babel/code-frame/-/code-frame-7.29.7.tgz 0ms (cache hit)
1224 http cache react-refresh@https://registry.npmjs.org/react-refresh/-/react-refresh-0.17.0.tgz 0ms (cache hit)
1225 http cache @rolldown/pluginutils@https://registry.npmjs.org/@rolldown/pluginutils/-/pluginutils-1.0.0-beta.27.tgz 0ms (cache hit)
1226 http cache @babel/plugin-transform-react-jsx-source@https://registry.npmjs.org/@babel/plugin-transform-react-jsx-source/-/plugin-transform-react-jsx-source-7.29.7.tgz 0ms (cache hit)
1227 http cache @types/babel__core@https://registry.npmjs.org/@types/babel__core/-/babel__core-7.20.5.tgz 0ms (cache hit)
1228 http cache @babel/plugin-transform-react-jsx-self@https://registry.npmjs.org/@babel/plugin-transform-react-jsx-self/-/plugin-transform-react-jsx-self-7.29.7.tgz 0ms (cache hit)
1229 http cache @babel/core@https://registry.npmjs.org/@babel/core/-/core-7.29.7.tgz 0ms (cache hit)
1230 http cache csstype@https://registry.npmjs.org/csstype/-/csstype-3.2.3.tgz 0ms (cache hit)
1231 http cache xlsx@https://registry.npmjs.org/xlsx/-/xlsx-0.18.5.tgz 0ms (cache hit)
1232 http cache typescript@https://registry.npmjs.org/typescript/-/typescript-5.9.3.tgz 0ms (cache hit)
1233 http cache @types/prop-types@https://registry.npmjs.org/@types/prop-types/-/prop-types-15.7.15.tgz 0ms (cache hit)
1234 http cache react-icons@https://registry.npmjs.org/react-icons/-/react-icons-5.7.0.tgz 0ms (cache hit)
1235 http cache tailwindcss@https://registry.npmjs.org/tailwindcss/-/tailwindcss-3.4.19.tgz 0ms (cache hit)
1236 http cache react-dom@https://registry.npmjs.org/react-dom/-/react-dom-18.3.1.tgz 0ms (cache hit)
1237 http cache chart.js@https://registry.npmjs.org/chart.js/-/chart.js-4.5.1.tgz 0ms (cache hit)
1238 http cache postcss@https://registry.npmjs.org/postcss/-/postcss-8.5.28.tgz 0ms (cache hit)
1239 http cache react@https://registry.npmjs.org/react/-/react-18.3.1.tgz 0ms (cache hit)
1240 http cache autoprefixer@https://registry.npmjs.org/autoprefixer/-/autoprefixer-10.5.5.tgz 0ms (cache hit)
1241 http cache @vitejs/plugin-react@https://registry.npmjs.org/@vitejs/plugin-react/-/plugin-react-4.7.0.tgz 0ms (cache hit)
1242 http cache vite@https://registry.npmjs.org/vite/-/vite-5.4.21.tgz 0ms (cache hit)
1243 http cache @types/react@https://registry.npmjs.org/@types/react/-/react-18.3.31.tgz 0ms (cache hit)
1244 http cache picomatch@https://registry.npmjs.org/picomatch/-/picomatch-4.0.7.tgz 0ms (cache hit)
1245 http cache @types/react-dom@https://registry.npmjs.org/@types/react-dom/-/react-dom-18.3.7.tgz 0ms (cache hit)
1246 http cache fdir@https://registry.npmjs.org/fdir/-/fdir-6.5.0.tgz 0ms (cache hit)
1247 http cache glob-parent@https://registry.npmjs.org/glob-parent/-/glob-parent-5.1.2.tgz 0ms (cache hit)
1248 http cache glob-parent@https://registry.npmjs.org/glob-parent/-/glob-parent-5.1.2.tgz 0ms (cache hit)
1249 silly tarball no local data for frac@https://registry.npmjs.org/frac/-/frac-1.1.2.tgz. Extracting by manifest.
1250 silly tarball no local data for word@https://registry.npmjs.org/word/-/word-0.3.0.tgz. Extracting by manifest.
1251 silly tarball no local data for wmf@https://registry.npmjs.org/wmf/-/wmf-1.0.2.tgz. Extracting by manifest.
1252 silly tarball no local data for ssf@https://registry.npmjs.org/ssf/-/ssf-0.11.2.tgz. Extracting by manifest.
1253 silly tarball no local data for cfb@https://registry.npmjs.org/cfb/-/cfb-1.2.2.tgz. Extracting by manifest.
1254 silly tarball no local data for crc-32@https://registry.npmjs.org/crc-32/-/crc-32-1.2.2.tgz. Extracting by manifest.
1255 silly tarball no local data for codepage@https://registry.npmjs.org/codepage/-/codepage-1.15.0.tgz. Extracting by manifest.
1256 silly tarball no local data for adler-32@https://registry.npmjs.org/adler-32/-/adler-32-1.3.1.tgz. Extracting by manifest.
1257 silly tarball no local data for @types/estree@https://registry.npmjs.org/@types/estree/-/estree-1.0.9.tgz. Extracting by manifest.
1258 silly tarball no local data for @esbuild/win32-x64@https://registry.npmjs.org/@esbuild/win32-x64/-/win32-x64-0.21.5.tgz. Extracting by manifest.
1259 silly tarball no local data for @rollup/rollup-win32-x64-gnu@https://registry.npmjs.org/@rollup/rollup-win32-x64-gnu/-/rollup-win32-x64-gnu-4.63.1.tgz. Extracting by manifest.
1260 silly tarball no local data for @rollup/rollup-win32-x64-msvc@https://registry.npmjs.org/@rollup/rollup-win32-x64-msvc/-/rollup-win32-x64-msvc-4.63.1.tgz. Extracting by manifest.
1261 silly tarball no local data for rollup@https://registry.npmjs.org/rollup/-/rollup-4.63.1.tgz. Extracting by manifest.
1262 silly tarball no local data for esbuild@https://registry.npmjs.org/esbuild/-/esbuild-0.21.5.tgz. Extracting by manifest.
1263 silly tarball no local data for escalade@https://registry.npmjs.org/escalade/-/escalade-3.2.0.tgz. Extracting by manifest.
1264 silly tarball no local data for thenify@https://registry.npmjs.org/thenify/-/thenify-3.3.1.tgz. Extracting by manifest.
1265 silly tarball no local data for is-number@https://registry.npmjs.org/is-number/-/is-number-7.0.0.tgz. Extracting by manifest.
1266 silly tarball no local data for object-assign@https://registry.npmjs.org/object-assign/-/object-assign-4.1.1.tgz. Extracting by manifest.
1267 silly tarball no local data for thenify-all@https://registry.npmjs.org/thenify-all/-/thenify-all-1.6.0.tgz. Extracting by manifest.
1268 silly tarball no local data for any-promise@https://registry.npmjs.org/any-promise/-/any-promise-1.3.0.tgz. Extracting by manifest.
1269 silly tarball no local data for tinyglobby@https://registry.npmjs.org/tinyglobby/-/tinyglobby-0.2.17.tgz. Extracting by manifest.
1270 silly tarball no local data for pirates@https://registry.npmjs.org/pirates/-/pirates-4.0.7.tgz. Extracting by manifest.
1271 silly tarball no local data for mz@https://registry.npmjs.org/mz/-/mz-2.7.0.tgz. Extracting by manifest.
1272 silly tarball no local data for ts-interface-checker@https://registry.npmjs.org/ts-interface-checker/-/ts-interface-checker-0.1.13.tgz. Extracting by manifest.
1273 silly tarball no local data for lines-and-columns@https://registry.npmjs.org/lines-and-columns/-/lines-and-columns-1.2.4.tgz. Extracting by manifest.
1274 silly tarball no local data for commander@https://registry.npmjs.org/commander/-/commander-4.1.1.tgz. Extracting by manifest.
1275 silly tarball no local data for queue-microtask@https://registry.npmjs.org/queue-microtask/-/queue-microtask-1.2.3.tgz. Extracting by manifest.
1276 silly tarball no local data for hasown@https://registry.npmjs.org/hasown/-/hasown-2.0.4.tgz. Extracting by manifest.
1277 silly tarball no local data for function-bind@https://registry.npmjs.org/function-bind/-/function-bind-1.1.2.tgz. Extracting by manifest.
1278 silly tarball no local data for supports-preserve-symlinks-flag@https://registry.npmjs.org/supports-preserve-symlinks-flag/-/supports-preserve-symlinks-flag-1.0.0.tgz. Extracting by manifest.
1279 silly tarball no local data for path-parse@https://registry.npmjs.org/path-parse/-/path-parse-1.0.7.tgz. Extracting by manifest.
1280 silly tarball no local data for is-core-module@https://registry.npmjs.org/is-core-module/-/is-core-module-2.16.2.tgz. Extracting by manifest.
1281 silly tarball no local data for util-deprecate@https://registry.npmjs.org/util-deprecate/-/util-deprecate-1.0.2.tgz. Extracting by manifest.
1282 silly tarball no local data for cssesc@https://registry.npmjs.org/cssesc/-/cssesc-3.0.0.tgz. Extracting by manifest.
1283 silly tarball no local data for es-errors@https://registry.npmjs.org/es-errors/-/es-errors-1.3.0.tgz. Extracting by manifest.
1284 silly tarball no local data for camelcase-css@https://registry.npmjs.org/camelcase-css/-/camelcase-css-2.0.1.tgz. Extracting by manifest.
1285 silly tarball no local data for read-cache@https://registry.npmjs.org/read-cache/-/read-cache-1.0.2.tgz. Extracting by manifest.
1286 silly tarball no local data for is-extglob@https://registry.npmjs.org/is-extglob/-/is-extglob-2.1.1.tgz. Extracting by manifest.
1287 silly tarball no local data for to-regex-range@https://registry.npmjs.org/to-regex-range/-/to-regex-range-5.0.1.tgz. Extracting by manifest.
1288 silly tarball no local data for @nodelib/fs.scandir@https://registry.npmjs.org/@nodelib/fs.scandir/-/fs.scandir-2.1.5.tgz. Extracting by manifest.
1289 silly tarball no local data for binary-extensions@https://registry.npmjs.org/binary-extensions/-/binary-extensions-2.3.0.tgz. Extracting by manifest.
1290 silly tarball no local data for run-parallel@https://registry.npmjs.org/run-parallel/-/run-parallel-1.2.0.tgz. Extracting by manifest.
1291 silly tarball no local data for fastq@https://registry.npmjs.org/fastq/-/fastq-1.20.3.tgz. Extracting by manifest.
1292 silly tarball no local data for reusify@https://registry.npmjs.org/reusify/-/reusify-1.1.0.tgz. Extracting by manifest.
1293 silly tarball no local data for merge2@https://registry.npmjs.org/merge2/-/merge2-1.4.1.tgz. Extracting by manifest.
1294 silly tarball no local data for @nodelib/fs.walk@https://registry.npmjs.org/@nodelib/fs.walk/-/fs.walk-1.2.8.tgz. Extracting by manifest.
1295 silly tarball no local data for @nodelib/fs.stat@https://registry.npmjs.org/@nodelib/fs.stat/-/fs.stat-2.0.5.tgz. Extracting by manifest.
1296 silly tarball no local data for fill-range@https://registry.npmjs.org/fill-range/-/fill-range-7.1.1.tgz. Extracting by manifest.
1297 silly tarball no local data for picomatch@https://registry.npmjs.org/picomatch/-/picomatch-2.3.2.tgz. Extracting by manifest.
1298 silly tarball no local data for is-binary-path@https://registry.npmjs.org/is-binary-path/-/is-binary-path-2.1.0.tgz. Extracting by manifest.
1299 silly tarball no local data for anymatch@https://registry.npmjs.org/anymatch/-/anymatch-3.1.3.tgz. Extracting by manifest.
1300 silly tarball no local data for braces@https://registry.npmjs.org/braces/-/braces-3.0.3.tgz. Extracting by manifest.
1301 silly tarball no local data for readdirp@https://registry.npmjs.org/readdirp/-/readdirp-3.6.0.tgz. Extracting by manifest.
1302 silly tarball no local data for sucrase@https://registry.npmjs.org/sucrase/-/sucrase-3.35.1.tgz. Extracting by manifest.
1303 silly tarball no local data for resolve@https://registry.npmjs.org/resolve/-/resolve-1.22.12.tgz. Extracting by manifest.
1304 silly tarball no local data for postcss-selector-parser@https://registry.npmjs.org/postcss-selector-parser/-/postcss-selector-parser-6.1.4.tgz. Extracting by manifest.
1305 silly tarball no local data for postcss-load-config@https://registry.npmjs.org/postcss-load-config/-/postcss-load-config-6.0.1.tgz. Extracting by manifest.
1306 silly tarball no local data for postcss-js@https://registry.npmjs.org/postcss-js/-/postcss-js-4.1.0.tgz. Extracting by manifest.
1307 silly tarball no local data for postcss-nested@https://registry.npmjs.org/postcss-nested/-/postcss-nested-6.2.0.tgz. Extracting by manifest.
1308 silly tarball no local data for postcss-import@https://registry.npmjs.org/postcss-import/-/postcss-import-15.1.0.tgz. Extracting by manifest.
1309 silly tarball no local data for object-hash@https://registry.npmjs.org/object-hash/-/object-hash-3.0.0.tgz. Extracting by manifest.
1310 silly tarball no local data for micromatch@https://registry.npmjs.org/micromatch/-/micromatch-4.0.8.tgz. Extracting by manifest.
1311 silly tarball no local data for lilconfig@https://registry.npmjs.org/lilconfig/-/lilconfig-3.1.3.tgz. Extracting by manifest.
1312 silly tarball no local data for jiti@https://registry.npmjs.org/jiti/-/jiti-1.21.7.tgz. Extracting by manifest.
1313 silly tarball no local data for normalize-path@https://registry.npmjs.org/normalize-path/-/normalize-path-3.0.0.tgz. Extracting by manifest.
1314 silly tarball no local data for glob-parent@https://registry.npmjs.org/glob-parent/-/glob-parent-6.0.2.tgz. Extracting by manifest.
1315 silly tarball no local data for is-glob@https://registry.npmjs.org/is-glob/-/is-glob-4.0.3.tgz. Extracting by manifest.
1316 silly tarball no local data for fast-glob@https://registry.npmjs.org/fast-glob/-/fast-glob-3.3.3.tgz. Extracting by manifest.
1317 silly tarball no local data for chokidar@https://registry.npmjs.org/chokidar/-/chokidar-3.6.0.tgz. Extracting by manifest.
1318 silly tarball no local data for dlv@https://registry.npmjs.org/dlv/-/dlv-1.1.3.tgz. Extracting by manifest.
1319 silly tarball no local data for arg@https://registry.npmjs.org/arg/-/arg-5.0.2.tgz. Extracting by manifest.
1320 silly tarball no local data for didyoumean@https://registry.npmjs.org/didyoumean/-/didyoumean-1.2.2.tgz. Extracting by manifest.
1321 silly tarball no local data for @alloc/quick-lru@https://registry.npmjs.org/@alloc/quick-lru/-/quick-lru-5.3.0.tgz. Extracting by manifest.
1322 silly tarball no local data for loose-envify@https://registry.npmjs.org/loose-envify/-/loose-envify-1.4.0.tgz. Extracting by manifest.
1323 silly tarball no local data for source-map-js@https://registry.npmjs.org/source-map-js/-/source-map-js-1.2.1.tgz. Extracting by manifest.
1324 silly tarball no local data for nanoid@https://registry.npmjs.org/nanoid/-/nanoid-3.3.18.tgz. Extracting by manifest.
1325 silly tarball no local data for scheduler@https://registry.npmjs.org/scheduler/-/scheduler-0.23.2.tgz. Extracting by manifest.
1326 silly tarball no local data for yallist@https://registry.npmjs.org/yallist/-/yallist-3.1.1.tgz. Extracting by manifest.
1327 silly tarball no local data for ms@https://registry.npmjs.org/ms/-/ms-2.1.3.tgz. Extracting by manifest.
1328 silly tarball no local data for @kurkle/color@https://registry.npmjs.org/@kurkle/color/-/color-0.3.4.tgz. Extracting by manifest.
1329 silly tarball no local data for node-releases@https://registry.npmjs.org/node-releases/-/node-releases-2.0.54.tgz. Extracting by manifest.
1330 silly tarball no local data for update-browserslist-db@https://registry.npmjs.org/update-browserslist-db/-/update-browserslist-db-1.3.2.tgz. Extracting by manifest.
1331 silly tarball no local data for electron-to-chromium@https://registry.npmjs.org/electron-to-chromium/-/electron-to-chromium-1.5.422.tgz. Extracting by manifest.
1332 silly tarball no local data for baseline-browser-mapping@https://registry.npmjs.org/baseline-browser-mapping/-/baseline-browser-mapping-2.11.21.tgz. Extracting by manifest.
1333 silly tarball no local data for postcss-value-parser@https://registry.npmjs.org/postcss-value-parser/-/postcss-value-parser-4.2.0.tgz. Extracting by manifest.
1334 silly tarball no local data for caniuse-lite@https://registry.npmjs.org/caniuse-lite/-/caniuse-lite-1.0.30001810.tgz. Extracting by manifest.
1335 silly tarball no local data for @types/babel__traverse@https://registry.npmjs.org/@types/babel__traverse/-/babel__traverse-7.28.0.tgz. Extracting by manifest.
1336 silly tarball no local data for fraction.js@https://registry.npmjs.org/fraction.js/-/fraction.js-5.3.4.tgz. Extracting by manifest.
1337 silly tarball no local data for @types/babel__template@https://registry.npmjs.org/@types/babel__template/-/babel__template-7.4.4.tgz. Extracting by manifest.
1338 silly tarball no local data for @types/babel__generator@https://registry.npmjs.org/@types/babel__generator/-/babel__generator-7.27.0.tgz. Extracting by manifest.
1339 silly tarball no local data for @jridgewell/resolve-uri@https://registry.npmjs.org/@jridgewell/resolve-uri/-/resolve-uri-3.1.2.tgz. Extracting by manifest.
1340 silly tarball no local data for @babel/helper-string-parser@https://registry.npmjs.org/@babel/helper-string-parser/-/helper-string-parser-7.29.7.tgz. Extracting by manifest.
1341 silly tarball no local data for @babel/helper-globals@https://registry.npmjs.org/@babel/helper-globals/-/helper-globals-7.29.7.tgz. Extracting by manifest.
1342 silly tarball no local data for @jridgewell/sourcemap-codec@https://registry.npmjs.org/@jridgewell/sourcemap-codec/-/sourcemap-codec-1.6.0.tgz. Extracting by manifest.
1343 silly tarball no local data for @babel/helper-plugin-utils@https://registry.npmjs.org/@babel/helper-plugin-utils/-/helper-plugin-utils-7.29.7.tgz. Extracting by manifest.
1344 silly tarball no local data for @babel/helper-module-imports@https://registry.npmjs.org/@babel/helper-module-imports/-/helper-module-imports-7.29.7.tgz. Extracting by manifest.
1345 silly tarball no local data for lru-cache@https://registry.npmjs.org/lru-cache/-/lru-cache-5.1.1.tgz. Extracting by manifest.
1346 silly tarball no local data for @babel/helper-validator-option@https://registry.npmjs.org/@babel/helper-validator-option/-/helper-validator-option-7.29.7.tgz. Extracting by manifest.
1347 silly tarball no local data for @babel/compat-data@https://registry.npmjs.org/@babel/compat-data/-/compat-data-7.29.7.tgz. Extracting by manifest.
1348 silly tarball no local data for browserslist@https://registry.npmjs.org/browserslist/-/browserslist-4.28.9.tgz. Extracting by manifest.
1349 silly tarball no local data for jsesc@https://registry.npmjs.org/jsesc/-/jsesc-3.1.0.tgz. Extracting by manifest.
1350 silly tarball no local data for @jridgewell/trace-mapping@https://registry.npmjs.org/@jridgewell/trace-mapping/-/trace-mapping-0.3.31.tgz. Extracting by manifest.
1351 silly tarball no local data for @jridgewell/gen-mapping@https://registry.npmjs.org/@jridgewell/gen-mapping/-/gen-mapping-0.3.13.tgz. Extracting by manifest.
1352 silly tarball no local data for js-tokens@https://registry.npmjs.org/js-tokens/-/js-tokens-4.0.0.tgz. Extracting by manifest.
1353 silly tarball no local data for semver@https://registry.npmjs.org/semver/-/semver-6.3.1.tgz. Extracting by manifest.
1354 silly tarball no local data for picocolors@https://registry.npmjs.org/picocolors/-/picocolors-1.1.1.tgz. Extracting by manifest.
1355 silly tarball no local data for @babel/helper-validator-identifier@https://registry.npmjs.org/@babel/helper-validator-identifier/-/helper-validator-identifier-7.29.7.tgz. Extracting by manifest.
1356 silly tarball no local data for json5@https://registry.npmjs.org/json5/-/json5-2.2.3.tgz. Extracting by manifest.
1357 silly tarball no local data for debug@https://registry.npmjs.org/debug/-/debug-4.4.3.tgz. Extracting by manifest.
1358 silly tarball no local data for convert-source-map@https://registry.npmjs.org/convert-source-map/-/convert-source-map-2.0.0.tgz. Extracting by manifest.
1359 silly tarball no local data for @jridgewell/remapping@https://registry.npmjs.org/@jridgewell/remapping/-/remapping-2.3.5.tgz. Extracting by manifest.
1360 silly tarball no local data for @babel/types@https://registry.npmjs.org/@babel/types/-/types-7.29.8.tgz. Extracting by manifest.
1361 silly tarball no local data for gensync@https://registry.npmjs.org/gensync/-/gensync-1.0.0-beta.2.tgz. Extracting by manifest.
1362 silly tarball no local data for @babel/traverse@https://registry.npmjs.org/@babel/traverse/-/traverse-7.29.8.tgz. Extracting by manifest.
1363 silly tarball no local data for @babel/template@https://registry.npmjs.org/@babel/template/-/template-7.29.7.tgz. Extracting by manifest.
1364 silly tarball no local data for @babel/parser@https://registry.npmjs.org/@babel/parser/-/parser-7.29.8.tgz. Extracting by manifest.
1365 silly tarball no local data for @babel/helper-module-transforms@https://registry.npmjs.org/@babel/helper-module-transforms/-/helper-module-transforms-7.29.7.tgz. Extracting by manifest.
1366 silly tarball no local data for @babel/helper-compilation-targets@https://registry.npmjs.org/@babel/helper-compilation-targets/-/helper-compilation-targets-7.29.7.tgz. Extracting by manifest.
1367 silly tarball no local data for @babel/helpers@https://registry.npmjs.org/@babel/helpers/-/helpers-7.29.7.tgz. Extracting by manifest.
1368 silly tarball no local data for @babel/generator@https://registry.npmjs.org/@babel/generator/-/generator-7.29.8.tgz. Extracting by manifest.
1369 silly tarball no local data for @babel/code-frame@https://registry.npmjs.org/@babel/code-frame/-/code-frame-7.29.7.tgz. Extracting by manifest.
1370 silly tarball no local data for react-refresh@https://registry.npmjs.org/react-refresh/-/react-refresh-0.17.0.tgz. Extracting by manifest.
1371 silly tarball no local data for @rolldown/pluginutils@https://registry.npmjs.org/@rolldown/pluginutils/-/pluginutils-1.0.0-beta.27.tgz. Extracting by manifest.
1372 silly tarball no local data for @babel/plugin-transform-react-jsx-source@https://registry.npmjs.org/@babel/plugin-transform-react-jsx-source/-/plugin-transform-react-jsx-source-7.29.7.tgz. Extracting by manifest.
1373 silly tarball no local data for @types/babel__core@https://registry.npmjs.org/@types/babel__core/-/babel__core-7.20.5.tgz. Extracting by manifest.
1374 silly tarball no local data for @babel/plugin-transform-react-jsx-self@https://registry.npmjs.org/@babel/plugin-transform-react-jsx-self/-/plugin-transform-react-jsx-self-7.29.7.tgz. Extracting by manifest.
1375 silly tarball no local data for @babel/core@https://registry.npmjs.org/@babel/core/-/core-7.29.7.tgz. Extracting by manifest.
1376 silly tarball no local data for csstype@https://registry.npmjs.org/csstype/-/csstype-3.2.3.tgz. Extracting by manifest.
1377 silly tarball no local data for xlsx@https://registry.npmjs.org/xlsx/-/xlsx-0.18.5.tgz. Extracting by manifest.
1378 silly tarball no local data for typescript@https://registry.npmjs.org/typescript/-/typescript-5.9.3.tgz. Extracting by manifest.
1379 silly tarball no local data for @types/prop-types@https://registry.npmjs.org/@types/prop-types/-/prop-types-15.7.15.tgz. Extracting by manifest.
1380 silly tarball no local data for react-icons@https://registry.npmjs.org/react-icons/-/react-icons-5.7.0.tgz. Extracting by manifest.
1381 silly tarball no local data for tailwindcss@https://registry.npmjs.org/tailwindcss/-/tailwindcss-3.4.19.tgz. Extracting by manifest.
1382 silly tarball no local data for react-dom@https://registry.npmjs.org/react-dom/-/react-dom-18.3.1.tgz. Extracting by manifest.
1383 silly tarball no local data for chart.js@https://registry.npmjs.org/chart.js/-/chart.js-4.5.1.tgz. Extracting by manifest.
1384 silly tarball no local data for postcss@https://registry.npmjs.org/postcss/-/postcss-8.5.28.tgz. Extracting by manifest.
1385 silly tarball no local data for react@https://registry.npmjs.org/react/-/react-18.3.1.tgz. Extracting by manifest.
1386 silly tarball no local data for autoprefixer@https://registry.npmjs.org/autoprefixer/-/autoprefixer-10.5.5.tgz. Extracting by manifest.
1387 silly tarball no local data for @vitejs/plugin-react@https://registry.npmjs.org/@vitejs/plugin-react/-/plugin-react-4.7.0.tgz. Extracting by manifest.
1388 silly tarball no local data for vite@https://registry.npmjs.org/vite/-/vite-5.4.21.tgz. Extracting by manifest.
1389 silly tarball no local data for @types/react@https://registry.npmjs.org/@types/react/-/react-18.3.31.tgz. Extracting by manifest.
1390 silly tarball no local data for picomatch@https://registry.npmjs.org/picomatch/-/picomatch-4.0.7.tgz. Extracting by manifest.
1391 silly tarball no local data for @types/react-dom@https://registry.npmjs.org/@types/react-dom/-/react-dom-18.3.7.tgz. Extracting by manifest.
1392 silly tarball no local data for fdir@https://registry.npmjs.org/fdir/-/fdir-6.5.0.tgz. Extracting by manifest.
1393 silly tarball no local data for glob-parent@https://registry.npmjs.org/glob-parent/-/glob-parent-5.1.2.tgz. Extracting by manifest.
1394 silly tarball no local data for glob-parent@https://registry.npmjs.org/glob-parent/-/glob-parent-5.1.2.tgz. Extracting by manifest.
1395 http fetch POST 200 https://registry.npmjs.org/-/npm/v1/security/advisories/bulk 516ms
1396 silly audit report {
1396 silly audit report   vite: [
1396 silly audit report     {
1396 silly audit report       id: 1120784,
1396 silly audit report       url: 'https://github.com/advisories/GHSA-v6wh-96g9-6wx3',
1396 silly audit report       title: 'launch-editor: NTLMv2 hash disclosure via UNC path handling on Windows',
1396 silly audit report       severity: 'moderate',
1396 silly audit report       vulnerable_versions: '<=6.4.2',
1396 silly audit report       cwe: [Array],
1396 silly audit report       cvss: [Object]
1396 silly audit report     },
1396 silly audit report     {
1396 silly audit report       id: 1116229,
1396 silly audit report       url: 'https://github.com/advisories/GHSA-4w7w-66w2-5vf9',
1396 silly audit report       title: 'Vite Vulnerable to Path Traversal in Optimized Deps `.map` Handling',
1396 silly audit report       severity: 'moderate',
1396 silly audit report       vulnerable_versions: '<=6.4.1',
1396 silly audit report       cwe: [Array],
1396 silly audit report       cvss: [Object]
1396 silly audit report     },
1396 silly audit report     {
1396 silly audit report       id: 1123525,
1396 silly audit report       url: 'https://github.com/advisories/GHSA-fx2h-pf6j-xcff',
1396 silly audit report       title: 'vite: `server.fs.deny` bypass on Windows alternate paths',
1396 silly audit report       severity: 'high',
1396 silly audit report       vulnerable_versions: '<=6.4.2',
1396 silly audit report       cwe: [Array],
1396 silly audit report       cvss: [Object]
1396 silly audit report     }
1396 silly audit report   ],
1396 silly audit report   xlsx: [
1396 silly audit report     {
1396 silly audit report       id: 1108110,
1396 silly audit report       url: 'https://github.com/advisories/GHSA-4r6h-8v6p-xvw6',
1396 silly audit report       title: 'Prototype Pollution in sheetJS',
1396 silly audit report       severity: 'high',
1396 silly audit report       vulnerable_versions: '<0.19.3',
1396 silly audit report       cwe: [Array],
1396 silly audit report       cvss: [Object]
1396 silly audit report     },
1396 silly audit report     {
1396 silly audit report       id: 1108111,
1396 silly audit report       url: 'https://github.com/advisories/GHSA-5pgg-2g8v-p4x9',
1396 silly audit report       title: 'SheetJS Regular Expression Denial of Service (ReDoS)',
1396 silly audit report       severity: 'high',
1396 silly audit report       vulnerable_versions: '<0.20.2',
1396 silly audit report       cwe: [Array],
1396 silly audit report       cvss: [Object]
1396 silly audit report     }
1396 silly audit report   ],
1396 silly audit report   esbuild: [
1396 silly audit report     {
1396 silly audit report       id: 1102341,
1396 silly audit report       url: 'https://github.com/advisories/GHSA-67mh-4wv8-2f99',
1396 silly audit report       title: 'esbuild enables any website to send any requests to the development server and read the response',
1396 silly audit report       severity: 'moderate',
1396 silly audit report       vulnerable_versions: '<=0.24.2',
1396 silly audit report       cwe: [Array],
1396 silly audit report       cvss: [Object]
1396 silly audit report     }
1396 silly audit report   ]
1396 silly audit report }
1397 silly packumentCache corgi:https://registry.npmjs.org/vite cache-miss
1398 silly packumentCache corgi:https://registry.npmjs.org/xlsx cache-miss
1399 silly packumentCache corgi:https://registry.npmjs.org/esbuild cache-miss
1400 http fetch GET 200 https://registry.npmjs.org/frac/-/frac-1.1.2.tgz 538ms (cache miss)
1401 http fetch GET 200 https://registry.npmjs.org/word/-/word-0.3.0.tgz 548ms (cache miss)
1402 http fetch GET 200 https://registry.npmjs.org/crc-32/-/crc-32-1.2.2.tgz 546ms (cache miss)
1403 http fetch GET 200 https://registry.npmjs.org/escalade/-/escalade-3.2.0.tgz 540ms (cache miss)
1404 http fetch GET 200 https://registry.npmjs.org/object-assign/-/object-assign-4.1.1.tgz 544ms (cache miss)
1405 http fetch GET 200 https://registry.npmjs.org/tinyglobby/-/tinyglobby-0.2.17.tgz 543ms (cache miss)
1406 http fetch GET 200 https://registry.npmjs.org/any-promise/-/any-promise-1.3.0.tgz 553ms (cache miss)
1407 http fetch GET 200 https://registry.npmjs.org/thenify-all/-/thenify-all-1.6.0.tgz 555ms (cache miss)
1408 http fetch GET 200 https://registry.npmjs.org/is-number/-/is-number-7.0.0.tgz 566ms (cache miss)
1409 http fetch GET 200 https://registry.npmjs.org/thenify/-/thenify-3.3.1.tgz 568ms (cache miss)
1410 http fetch GET 200 https://registry.npmjs.org/pirates/-/pirates-4.0.7.tgz 566ms (cache miss)
1411 http fetch GET 200 https://registry.npmjs.org/ts-interface-checker/-/ts-interface-checker-0.1.13.tgz 574ms (cache miss)
1412 http fetch GET 200 https://registry.npmjs.org/mz/-/mz-2.7.0.tgz 579ms (cache miss)
1413 http fetch GET 200 https://registry.npmjs.org/lines-and-columns/-/lines-and-columns-1.2.4.tgz 580ms (cache miss)
1414 http fetch GET 200 https://registry.npmjs.org/queue-microtask/-/queue-microtask-1.2.3.tgz 579ms (cache miss)
1415 http fetch GET 200 https://registry.npmjs.org/ssf/-/ssf-0.11.2.tgz 629ms (cache miss)
1416 http fetch GET 200 https://registry.npmjs.org/@types/estree/-/estree-1.0.9.tgz 649ms (cache miss)
1417 http fetch GET 200 https://registry.npmjs.org/hasown/-/hasown-2.0.4.tgz 664ms (cache miss)
1418 http fetch GET 200 https://registry.npmjs.org/adler-32/-/adler-32-1.3.1.tgz 684ms (cache miss)
1419 http fetch GET 200 https://registry.npmjs.org/wmf/-/wmf-1.0.2.tgz 698ms (cache miss)
1420 http fetch GET 200 https://registry.npmjs.org/read-cache/-/read-cache-1.0.2.tgz 665ms (cache miss)
1421 http fetch GET 200 https://registry.npmjs.org/path-parse/-/path-parse-1.0.7.tgz 681ms (cache miss)
1422 http fetch GET 200 https://registry.npmjs.org/util-deprecate/-/util-deprecate-1.0.2.tgz 682ms (cache miss)
1423 http fetch GET 200 https://registry.npmjs.org/camelcase-css/-/camelcase-css-2.0.1.tgz 677ms (cache miss)
1424 http fetch GET 200 https://registry.npmjs.org/esbuild/-/esbuild-0.21.5.tgz 716ms (cache miss)
1425 http fetch GET 200 https://registry.npmjs.org/is-extglob/-/is-extglob-2.1.1.tgz 702ms (cache miss)
1426 http fetch GET 200 https://registry.npmjs.org/cfb/-/cfb-1.2.2.tgz 740ms (cache miss)
1427 http fetch GET 200 https://registry.npmjs.org/cssesc/-/cssesc-3.0.0.tgz 800ms (cache miss)
1428 http fetch GET 200 https://registry.npmjs.org/is-core-module/-/is-core-module-2.16.2.tgz 870ms (cache miss)
1429 http fetch GET 200 https://registry.npmjs.org/reusify/-/reusify-1.1.0.tgz 958ms (cache miss)
1430 http fetch GET 200 https://registry.npmjs.org/fastq/-/fastq-1.20.3.tgz 968ms (cache miss)
1431 http fetch GET 200 https://registry.npmjs.org/binary-extensions/-/binary-extensions-2.3.0.tgz 990ms (cache miss)
1432 http fetch GET 200 https://registry.npmjs.org/merge2/-/merge2-1.4.1.tgz 989ms (cache miss)
1433 http fetch GET 200 https://registry.npmjs.org/@nodelib/fs.scandir/-/fs.scandir-2.1.5.tgz 1064ms (cache miss)
1434 http fetch GET 200 https://registry.npmjs.org/fill-range/-/fill-range-7.1.1.tgz 1056ms (cache miss)
1435 http fetch GET 200 https://registry.npmjs.org/function-bind/-/function-bind-1.1.2.tgz 1165ms (cache miss)
1436 http fetch GET 200 https://registry.npmjs.org/is-binary-path/-/is-binary-path-2.1.0.tgz 1155ms (cache miss)
1437 http fetch GET 200 https://registry.npmjs.org/anymatch/-/anymatch-3.1.3.tgz 1227ms (cache miss)
1438 http fetch GET 200 https://registry.npmjs.org/run-parallel/-/run-parallel-1.2.0.tgz 1300ms (cache miss)
1439 http fetch GET 200 https://registry.npmjs.org/@nodelib/fs.stat/-/fs.stat-2.0.5.tgz 1338ms (cache miss)
1440 http fetch GET 200 https://registry.npmjs.org/readdirp/-/readdirp-3.6.0.tgz 1354ms (cache miss)
1441 http fetch GET 200 https://registry.npmjs.org/to-regex-range/-/to-regex-range-5.0.1.tgz 1434ms (cache miss)
1442 http fetch GET 200 https://registry.npmjs.org/postcss-load-config/-/postcss-load-config-6.0.1.tgz 1473ms (cache miss)
1443 http fetch GET 200 https://registry.npmjs.org/supports-preserve-symlinks-flag/-/supports-preserve-symlinks-flag-1.0.0.tgz 1615ms (cache miss)
1444 http fetch GET 200 https://registry.npmjs.org/es-errors/-/es-errors-1.3.0.tgz 1713ms (cache miss)
1445 http fetch GET 200 https://registry.npmjs.org/picomatch/-/picomatch-2.3.2.tgz 1700ms (cache miss)
1446 http fetch GET 200 https://registry.npmjs.org/braces/-/braces-3.0.3.tgz 1872ms (cache miss)
1447 http fetch GET 200 https://registry.npmjs.org/postcss-js/-/postcss-js-4.1.0.tgz 1977ms (cache miss)
1448 http fetch GET 200 https://registry.npmjs.org/postcss-selector-parser/-/postcss-selector-parser-6.1.4.tgz 2079ms (cache miss)
1449 http fetch GET 200 https://registry.npmjs.org/lilconfig/-/lilconfig-3.1.3.tgz 2276ms (cache miss)
1450 http fetch GET 200 https://registry.npmjs.org/@nodelib/fs.walk/-/fs.walk-1.2.8.tgz 2405ms (cache miss)
1451 http fetch GET 200 https://registry.npmjs.org/normalize-path/-/normalize-path-3.0.0.tgz 2479ms (cache miss)
1452 http fetch GET 200 https://registry.npmjs.org/postcss-nested/-/postcss-nested-6.2.0.tgz 2838ms (cache miss)
1453 http fetch GET 200 https://registry.npmjs.org/postcss-import/-/postcss-import-15.1.0.tgz 2884ms (cache miss)
1454 http fetch GET 200 https://registry.npmjs.org/glob-parent/-/glob-parent-6.0.2.tgz 2929ms (cache miss)
1455 http fetch GET 200 https://registry.npmjs.org/chokidar/-/chokidar-3.6.0.tgz 3530ms (cache miss)
1456 http fetch GET 200 https://registry.npmjs.org/is-glob/-/is-glob-4.0.3.tgz 3649ms (cache miss)
1457 http fetch GET 200 https://registry.npmjs.org/arg/-/arg-5.0.2.tgz 3652ms (cache miss)
1458 http fetch GET 200 https://registry.npmjs.org/rollup/-/rollup-4.63.1.tgz 3765ms (cache miss)
1459 http fetch GET 200 https://registry.npmjs.org/resolve/-/resolve-1.22.12.tgz 3753ms (cache miss)
1460 http fetch GET 200 https://registry.npmjs.org/didyoumean/-/didyoumean-1.2.2.tgz 3908ms (cache miss)
1461 http fetch GET 200 https://registry.npmjs.org/dlv/-/dlv-1.1.3.tgz 3960ms (cache miss)
1462 http fetch GET 200 https://registry.npmjs.org/loose-envify/-/loose-envify-1.4.0.tgz 4147ms (cache miss)
1463 http fetch GET 200 https://registry.npmjs.org/yallist/-/yallist-3.1.1.tgz 4240ms (cache miss)
1464 http fetch GET 200 https://registry.npmjs.org/@alloc/quick-lru/-/quick-lru-5.3.0.tgz 4311ms (cache miss)
1465 http fetch GET 200 https://registry.npmjs.org/object-hash/-/object-hash-3.0.0.tgz 4330ms (cache miss)
1466 http fetch GET 200 https://registry.npmjs.org/nanoid/-/nanoid-3.3.18.tgz 4360ms (cache miss)
1467 http fetch GET 200 https://registry.npmjs.org/node-releases/-/node-releases-2.0.54.tgz 4476ms (cache miss)
1468 http fetch GET 200 https://registry.npmjs.org/micromatch/-/micromatch-4.0.8.tgz 4591ms (cache miss)
1469 http fetch GET 200 https://registry.npmjs.org/scheduler/-/scheduler-0.23.2.tgz 4595ms (cache miss)
1470 http fetch GET 200 https://registry.npmjs.org/ms/-/ms-2.1.3.tgz 4702ms (cache miss)
1471 http fetch GET 200 https://registry.npmjs.org/update-browserslist-db/-/update-browserslist-db-1.3.2.tgz 4700ms (cache miss)
1472 http fetch GET 200 https://registry.npmjs.org/sucrase/-/sucrase-3.35.1.tgz 4739ms (cache miss)
1473 http fetch GET 200 https://registry.npmjs.org/fast-glob/-/fast-glob-3.3.3.tgz 4742ms (cache miss)
1474 http fetch GET 200 https://registry.npmjs.org/electron-to-chromium/-/electron-to-chromium-1.5.422.tgz 5115ms (cache miss)
1475 http fetch GET 200 https://registry.npmjs.org/@types/babel__template/-/babel__template-7.4.4.tgz 5173ms (cache miss)
1476 http fetch GET 200 https://registry.npmjs.org/@kurkle/color/-/color-0.3.4.tgz 5209ms (cache miss)
1477 http fetch GET 200 https://registry.npmjs.org/baseline-browser-mapping/-/baseline-browser-mapping-2.11.21.tgz 5251ms (cache miss)
1478 http fetch GET 200 https://registry.npmjs.org/postcss-value-parser/-/postcss-value-parser-4.2.0.tgz 5346ms (cache miss)
1479 http fetch GET 200 https://registry.npmjs.org/fraction.js/-/fraction.js-5.3.4.tgz 5363ms (cache miss)
1480 http fetch GET 200 https://registry.npmjs.org/@types/babel__generator/-/babel__generator-7.27.0.tgz 5520ms (cache miss)
1481 http fetch GET 200 https://registry.npmjs.org/@babel/helper-globals/-/helper-globals-7.29.7.tgz 5575ms (cache miss)
1482 http fetch GET 200 https://registry.npmjs.org/@jridgewell/resolve-uri/-/resolve-uri-3.1.2.tgz 5646ms (cache miss)
1483 http fetch GET 200 https://registry.npmjs.org/@types/babel__traverse/-/babel__traverse-7.28.0.tgz 5683ms (cache miss)
1484 http fetch GET 200 https://registry.npmjs.org/@babel/helper-string-parser/-/helper-string-parser-7.29.7.tgz 5773ms (cache miss)
1485 http fetch GET 200 https://registry.npmjs.org/@babel/helper-module-imports/-/helper-module-imports-7.29.7.tgz 5794ms (cache miss)
1486 http fetch GET 200 https://registry.npmjs.org/@babel/compat-data/-/compat-data-7.29.7.tgz 6008ms (cache miss)
1487 http fetch GET 200 https://registry.npmjs.org/@babel/helper-plugin-utils/-/helper-plugin-utils-7.29.7.tgz 6080ms (cache miss)
1488 http fetch GET 200 https://registry.npmjs.org/lru-cache/-/lru-cache-5.1.1.tgz 6097ms (cache miss)
1489 http fetch GET 200 https://registry.npmjs.org/jsesc/-/jsesc-3.1.0.tgz 6121ms (cache miss)
1490 http fetch GET 200 https://registry.npmjs.org/browserslist/-/browserslist-4.28.9.tgz 6184ms (cache miss)
1491 http fetch GET 200 https://registry.npmjs.org/picocolors/-/picocolors-1.1.1.tgz 6289ms (cache miss)
1492 http fetch GET 200 https://registry.npmjs.org/js-tokens/-/js-tokens-4.0.0.tgz 6458ms (cache miss)
1493 http fetch GET 200 https://registry.npmjs.org/semver/-/semver-6.3.1.tgz 6489ms (cache miss)
1494 http fetch GET 200 https://registry.npmjs.org/source-map-js/-/source-map-js-1.2.1.tgz 6610ms (cache miss)
1495 http fetch GET 200 https://registry.npmjs.org/@babel/helper-validator-identifier/-/helper-validator-identifier-7.29.7.tgz 6704ms (cache miss)
1496 http fetch GET 200 https://registry.npmjs.org/@rollup/rollup-win32-x64-gnu/-/rollup-win32-x64-gnu-4.63.1.tgz 6885ms (cache miss)
1497 http fetch GET 200 https://registry.npmjs.org/jiti/-/jiti-1.21.7.tgz 6853ms (cache miss)
1498 http fetch GET 200 https://registry.npmjs.org/debug/-/debug-4.4.3.tgz 6805ms (cache miss)
1499 http fetch GET 200 https://registry.npmjs.org/@jridgewell/gen-mapping/-/gen-mapping-0.3.13.tgz 6842ms (cache miss)
1500 http fetch GET 200 https://registry.npmjs.org/@babel/helper-validator-option/-/helper-validator-option-7.29.7.tgz 6869ms (cache miss)
1501 http fetch GET 200 https://registry.npmjs.org/gensync/-/gensync-1.0.0-beta.2.tgz 6883ms (cache miss)
1502 http fetch GET 200 https://registry.npmjs.org/convert-source-map/-/convert-source-map-2.0.0.tgz 6944ms (cache miss)
1503 http fetch GET 200 https://registry.npmjs.org/@jridgewell/remapping/-/remapping-2.3.5.tgz 7079ms (cache miss)
1504 http fetch GET 200 https://registry.npmjs.org/@babel/template/-/template-7.29.7.tgz 7220ms (cache miss)
1505 http fetch GET 200 https://registry.npmjs.org/@jridgewell/trace-mapping/-/trace-mapping-0.3.31.tgz 7308ms (cache miss)
1506 http fetch GET 200 https://registry.npmjs.org/json5/-/json5-2.2.3.tgz 7400ms (cache miss)
1507 http fetch GET 200 https://registry.npmjs.org/codepage/-/codepage-1.15.0.tgz 7786ms (cache miss)
1508 http fetch GET 200 https://registry.npmjs.org/react-refresh/-/react-refresh-0.17.0.tgz 7744ms (cache miss)
1509 http fetch GET 200 https://registry.npmjs.org/@rolldown/pluginutils/-/pluginutils-1.0.0-beta.27.tgz 7783ms (cache miss)
1510 http fetch GET 200 https://registry.npmjs.org/@babel/helper-module-transforms/-/helper-module-transforms-7.29.7.tgz 7826ms (cache miss)
1511 http fetch GET 200 https://registry.npmjs.org/@babel/plugin-transform-react-jsx-source/-/plugin-transform-react-jsx-source-7.29.7.tgz 7883ms (cache miss)
1512 http fetch GET 200 https://registry.npmjs.org/@babel/helper-compilation-targets/-/helper-compilation-targets-7.29.7.tgz 7911ms (cache miss)
1513 http fetch GET 200 https://registry.npmjs.org/@babel/plugin-transform-react-jsx-self/-/plugin-transform-react-jsx-self-7.29.7.tgz 7943ms (cache miss)
1514 http fetch GET 200 https://registry.npmjs.org/@babel/traverse/-/traverse-7.29.8.tgz 8230ms (cache miss)
1515 http fetch GET 200 https://registry.npmjs.org/@types/babel__core/-/babel__core-7.20.5.tgz 8250ms (cache miss)
1516 http fetch GET 200 https://registry.npmjs.org/commander/-/commander-4.1.1.tgz 8684ms (cache miss)
1517 http fetch GET 200 https://registry.npmjs.org/@jridgewell/sourcemap-codec/-/sourcemap-codec-1.6.0.tgz 8600ms (cache miss)
1518 http fetch GET 200 https://registry.npmjs.org/@types/prop-types/-/prop-types-15.7.15.tgz 8643ms (cache miss)
1519 http fetch GET 200 https://registry.npmjs.org/@babel/code-frame/-/code-frame-7.29.7.tgz 8866ms (cache miss)
1520 http fetch GET 200 https://registry.npmjs.org/@babel/types/-/types-7.29.8.tgz 9379ms (cache miss)
1521 http fetch GET 200 https://registry.npmjs.org/@babel/generator/-/generator-7.29.8.tgz 9510ms (cache miss)
1522 http fetch GET 200 https://registry.npmjs.org/postcss/-/postcss-8.5.28.tgz 10073ms (cache miss)
1523 http fetch GET 200 https://registry.npmjs.org/autoprefixer/-/autoprefixer-10.5.5.tgz 10640ms (cache miss)
1524 http fetch GET 200 https://registry.npmjs.org/react/-/react-18.3.1.tgz 10810ms (cache miss)
1525 http fetch GET 200 https://registry.npmjs.org/@vitejs/plugin-react/-/plugin-react-4.7.0.tgz 10996ms (cache miss)
1526 http fetch GET 200 https://registry.npmjs.org/@babel/helpers/-/helpers-7.29.7.tgz 11293ms (cache miss)
1527 http fetch GET 200 https://registry.npmjs.org/picomatch/-/picomatch-4.0.7.tgz 11788ms (cache miss)
1528 http fetch GET 200 https://registry.npmjs.org/@types/react-dom/-/react-dom-18.3.7.tgz 12406ms (cache miss)
1529 http fetch GET 200 https://registry.npmjs.org/@babel/core/-/core-7.29.7.tgz 12594ms (cache miss)
1530 http fetch GET 200 https://registry.npmjs.org/@types/react/-/react-18.3.31.tgz 12717ms (cache miss)
1531 http fetch GET 200 https://registry.npmjs.org/fdir/-/fdir-6.5.0.tgz 12746ms (cache miss)
1532 http fetch GET 200 https://registry.npmjs.org/glob-parent/-/glob-parent-5.1.2.tgz 12807ms (cache miss)
1533 http fetch GET 200 https://registry.npmjs.org/glob-parent/-/glob-parent-5.1.2.tgz 13945ms (cache miss)
1534 http fetch GET 200 https://registry.npmjs.org/xlsx 13725ms (cache miss)
1535 silly packumentCache corgi:https://registry.npmjs.org/xlsx set size:undefined disposed:false
1536 http fetch GET 200 https://registry.npmjs.org/csstype/-/csstype-3.2.3.tgz 15165ms (cache miss)
1537 http fetch GET 200 https://registry.npmjs.org/@rollup/rollup-win32-x64-msvc/-/rollup-win32-x64-msvc-4.63.1.tgz 15762ms (cache miss)
1538 http fetch GET 200 https://registry.npmjs.org/caniuse-lite/-/caniuse-lite-1.0.30001810.tgz 15746ms (cache miss)
1539 http fetch GET 200 https://registry.npmjs.org/tailwindcss/-/tailwindcss-3.4.19.tgz 17907ms (cache miss)
1540 http fetch GET 200 https://registry.npmjs.org/esbuild 19140ms (cache miss)
1541 silly packumentCache corgi:https://registry.npmjs.org/esbuild set size:undefined disposed:false
1542 http fetch GET 200 https://registry.npmjs.org/vite 19772ms (cache miss)
1543 silly packumentCache corgi:https://registry.npmjs.org/vite set size:undefined disposed:false
1544 silly packumentCache corgi:https://registry.npmjs.org/@vitejs%2fplugin-react cache-miss
1545 http fetch GET 200 https://registry.npmjs.org/@vitejs%2fplugin-react 1510ms (cache miss)
1546 silly packumentCache corgi:https://registry.npmjs.org/@vitejs%2fplugin-react set size:undefined disposed:false
1547 http fetch GET 200 https://registry.npmjs.org/@babel/parser/-/parser-7.29.8.tgz 23245ms (cache miss)
1548 http fetch GET 200 https://registry.npmjs.org/react-dom/-/react-dom-18.3.1.tgz 23633ms (cache miss)
1549 http fetch GET 200 https://registry.npmjs.org/vite/-/vite-5.4.21.tgz 23840ms (cache miss)
1550 http fetch GET 200 https://registry.npmjs.org/xlsx/-/xlsx-0.18.5.tgz 27661ms (cache miss)
1551 http fetch GET 200 https://registry.npmjs.org/typescript/-/typescript-5.9.3.tgz 28016ms (cache miss)
1552 http fetch GET 200 https://registry.npmjs.org/chart.js/-/chart.js-4.5.1.tgz 30296ms (cache miss)
1553 http fetch GET 200 https://registry.npmjs.org/@esbuild/win32-x64/-/win32-x64-0.21.5.tgz 35454ms (cache miss)
1554 http fetch GET 200 https://registry.npmjs.org/react-icons/-/react-icons-5.7.0.tgz 57903ms (cache miss)
1555 info run esbuild@0.21.5 postinstall node_modules/esbuild node install.js
1556 info run esbuild@0.21.5 postinstall { code: 0, signal: null }
1557 silly ADD node_modules/frac
1558 silly ADD node_modules/word
1559 silly ADD node_modules/wmf
1560 silly ADD node_modules/ssf
1561 silly ADD node_modules/crc-32
1562 silly ADD node_modules/codepage
1563 silly ADD node_modules/cfb
1564 silly ADD node_modules/adler-32
1565 silly ADD node_modules/@types/estree
1566 silly ADD node_modules/@rollup/rollup-win32-x64-msvc
1567 silly ADD node_modules/@rollup/rollup-win32-x64-gnu
1568 silly ADD node_modules/@esbuild/win32-x64
1569 silly ADD node_modules/rollup
1570 silly ADD node_modules/esbuild
1571 silly ADD node_modules/escalade
1572 silly ADD node_modules/is-number
1573 silly ADD node_modules/thenify
1574 silly ADD node_modules/thenify-all
1575 silly ADD node_modules/object-assign
1576 silly ADD node_modules/any-promise
1577 silly ADD node_modules/ts-interface-checker
1578 silly ADD node_modules/tinyglobby
1579 silly ADD node_modules/tinyglobby/node_modules/picomatch
1580 silly ADD node_modules/tinyglobby/node_modules/fdir
1581 silly ADD node_modules/pirates
1582 silly ADD node_modules/mz
1583 silly ADD node_modules/lines-and-columns
1584 silly ADD node_modules/commander
1585 silly ADD node_modules/queue-microtask
1586 silly ADD node_modules/function-bind
1587 silly ADD node_modules/hasown
1588 silly ADD node_modules/supports-preserve-symlinks-flag
1589 silly ADD node_modules/path-parse
1590 silly ADD node_modules/is-core-module
1591 silly ADD node_modules/es-errors
1592 silly ADD node_modules/util-deprecate
1593 silly ADD node_modules/cssesc
1594 silly ADD node_modules/camelcase-css
1595 silly ADD node_modules/read-cache
1596 silly ADD node_modules/is-extglob
1597 silly ADD node_modules/binary-extensions
1598 silly ADD node_modules/to-regex-range
1599 silly ADD node_modules/reusify
1600 silly ADD node_modules/run-parallel
1601 silly ADD node_modules/fastq
1602 silly ADD node_modules/@nodelib/fs.scandir
1603 silly ADD node_modules/merge2
1604 silly ADD node_modules/@nodelib/fs.walk
1605 silly ADD node_modules/@nodelib/fs.stat
1606 silly ADD node_modules/fill-range
1607 silly ADD node_modules/picomatch
1608 silly ADD node_modules/readdirp
1609 silly ADD node_modules/is-binary-path
1610 silly ADD node_modules/braces
1611 silly ADD node_modules/anymatch
1612 silly ADD node_modules/sucrase
1613 silly ADD node_modules/resolve
1614 silly ADD node_modules/postcss-selector-parser
1615 silly ADD node_modules/postcss-nested
1616 silly ADD node_modules/postcss-load-config
1617 silly ADD node_modules/postcss-js
1618 silly ADD node_modules/postcss-import
1619 silly ADD node_modules/object-hash
1620 silly ADD node_modules/normalize-path
1621 silly ADD node_modules/micromatch
1622 silly ADD node_modules/lilconfig
1623 silly ADD node_modules/jiti
1624 silly ADD node_modules/is-glob
1625 silly ADD node_modules/glob-parent
1626 silly ADD node_modules/fast-glob
1627 silly ADD node_modules/fast-glob/node_modules/glob-parent
1628 silly ADD node_modules/dlv
1629 silly ADD node_modules/didyoumean
1630 silly ADD node_modules/chokidar
1631 silly ADD node_modules/chokidar/node_modules/glob-parent
1632 silly ADD node_modules/arg
1633 silly ADD node_modules/@alloc/quick-lru
1634 silly ADD node_modules/scheduler
1635 silly ADD node_modules/loose-envify
1636 silly ADD node_modules/source-map-js
1637 silly ADD node_modules/nanoid
1638 silly ADD node_modules/yallist
1639 silly ADD node_modules/ms
1640 silly ADD node_modules/@kurkle/color
1641 silly ADD node_modules/update-browserslist-db
1642 silly ADD node_modules/node-releases
1643 silly ADD node_modules/electron-to-chromium
1644 silly ADD node_modules/baseline-browser-mapping
1645 silly ADD node_modules/postcss-value-parser
1646 silly ADD node_modules/fraction.js
1647 silly ADD node_modules/caniuse-lite
1648 silly ADD node_modules/@types/babel__traverse
1649 silly ADD node_modules/@types/babel__template
1650 silly ADD node_modules/@types/babel__generator
1651 silly ADD node_modules/@jridgewell/resolve-uri
1652 silly ADD node_modules/@jridgewell/sourcemap-codec
1653 silly ADD node_modules/@babel/helper-string-parser
1654 silly ADD node_modules/@babel/helper-globals
1655 silly ADD node_modules/@babel/helper-plugin-utils
1656 silly ADD node_modules/@babel/helper-module-imports
1657 silly ADD node_modules/lru-cache
1658 silly ADD node_modules/browserslist
1659 silly ADD node_modules/@babel/helper-validator-option
1660 silly ADD node_modules/@babel/compat-data
1661 silly ADD node_modules/jsesc
1662 silly ADD node_modules/@jridgewell/trace-mapping
1663 silly ADD node_modules/@jridgewell/gen-mapping
1664 silly ADD node_modules/picocolors
1665 silly ADD node_modules/js-tokens
1666 silly ADD node_modules/@babel/helper-validator-identifier
1667 silly ADD node_modules/semver
1668 silly ADD node_modules/json5
1669 silly ADD node_modules/gensync
1670 silly ADD node_modules/debug
1671 silly ADD node_modules/convert-source-map
1672 silly ADD node_modules/@jridgewell/remapping
1673 silly ADD node_modules/@babel/types
1674 silly ADD node_modules/@babel/traverse
1675 silly ADD node_modules/@babel/template
1676 silly ADD node_modules/@babel/parser
1677 silly ADD node_modules/@babel/helpers
1678 silly ADD node_modules/@babel/helper-module-transforms
1679 silly ADD node_modules/@babel/helper-compilation-targets
1680 silly ADD node_modules/@babel/generator
1681 silly ADD node_modules/@babel/code-frame
1682 silly ADD node_modules/react-refresh
1683 silly ADD node_modules/@types/babel__core
1684 silly ADD node_modules/@rolldown/pluginutils
1685 silly ADD node_modules/@babel/plugin-transform-react-jsx-source
1686 silly ADD node_modules/@babel/plugin-transform-react-jsx-self
1687 silly ADD node_modules/@babel/core
1688 silly ADD node_modules/csstype
1689 silly ADD node_modules/@types/prop-types
1690 silly ADD node_modules/xlsx
1691 silly ADD node_modules/typescript
1692 silly ADD node_modules/tailwindcss
1693 silly ADD node_modules/react-icons
1694 silly ADD node_modules/react-dom
1695 silly ADD node_modules/react
1696 silly ADD node_modules/chart.js
1697 silly ADD node_modules/postcss
1698 silly ADD node_modules/autoprefixer
1699 silly ADD node_modules/vite
1700 silly ADD node_modules/@vitejs/plugin-react
1701 silly ADD node_modules/@types/react-dom
1702 silly ADD node_modules/@types/react
1703 verbose cwd E:\XAMPP\htdocs\agency pro
1704 verbose os Windows_NT 10.0.19045
1705 verbose node v24.16.0
1706 verbose npm  v11.13.0
1707 notice
1707 notice New major version of npm available! 11.13.0 -> 12.0.2
1707 notice Changelog: https://github.com/npm/cli/releases/tag/v12.0.2
1707 notice To update run: npm install -g npm@12.0.2
1707 notice  { force: true, Symbol(proc-log.meta): true }
1708 verbose exit 0
1709 info ok
